ID;path1;path2;value
0;images/SK_MRS_1264_A1_r.jpg;images/SK_MRS_1264_A2_r.jpg;1
1;images/SK_MRS_1264_A1_r.jpg;images/SK_MRS_1264_B1_r.jpg;1
2;images/SK_MRS_1264_B1_r.jpg;images/SK_MRS_1264_B2_r.jpg;0
3;images/SK_MRS_1266_A20_r.jpg;images/SK_MRS_1266_A21_r.jpg;1
4;images/SK_MRS_1266_B2_r.jpg;images/SK_MRS_1266_B3_r.jpg;0
5;images/SK_MRS_1266_A33_r.jpg;images/SK_MRS_1266_A34_r.jpg;0
6;images/SK_MRS_1266_A33_r.jpg;images/SK_MRS_1266_A35_r.jpg;1
7;images/SK_MRS_1266_A31_r.jpg;images/SK_MRS_1266_A29_r.jpg;0
8;images/SK_MRS_1266_A31_r.jpg;images/SK_MRS_1266_A30_r.jpg;1
9;images/SK_MRS_1266_A32_r.jpg;images/SK_MRS_1266_A10_r.jpg;1
10;images/SK_MRS_1266_A38_r.jpg;images/SK_MRS_1266_B9_r.jpg;1
11;images/SK_MRS_1266_A20_r.jpg;images/SK_MRS_1266_A21_r.jpg;1
12;images/SK_MRS_1266_A22_r.jpg;images/SK_MRS_1266_A23_r.jpg;1
13;images/SK_MRS_1266_B2_r.jpg;images/SK_MRS_1266_B4_r.jpg;1
14;images/SK_MRS_1266_B3_r.jpg;images/SK_MRS_1266_B5_r.jpg;0
15;images/SK_MRS_1266_B1_r.jpg;images/SK_MRS_1266_B12_r.jpg;0
16;images/SK_MRS_1266_B11_r.jpg;images/SK_MRS_1266_B3_r.jpg;0
17;images/SK_MRS_1266_B8_r.jpg;images/SK_MRS_1266_B9_r.jpg;0
18;images/SK_MRS_1266_A27_r.jpg;images/SK_MRS_1266_A28_r.jpg;0
19;images/SK_MRS_1267_2_r.jpg;images/SK_MRS_1267_3_r.jpg;0
20;images/SK_MRS_1264_A2_r.jpg;images/SK_MRS_1264_B1_r.jpg;1
21;images/SK_MRS_1264_A1_r.jpg;images/SK_MRS_1264_B2_r.jpg;0
22;images/SK_MRS_1264_A1_v.jpg;images/SK_MRS_1264_A2_v.jpg;1
23;images/a.jpg;images/d.jpg;0
24;images/SK_MRS_1265_1_r.jpg;images/SK_MRS_1266_A19_v.jpg;0
25;images/SK_MRS_1272_31_r.jpg;images/SK_MRS_1272_29_r.jpg;1
26;images/SK_MRS_1267_1_r.jpg;images/SK_MRS_1267_2_r.jpg;1
27;images/SK_MRS_1268_1_r.jpg;images/SK_MRS_1268_3_r.jpg;0
28;images/SK_MRS_1268_1_r.jpg;images/SK_MRS_1268_2_r.jpg;0
29;images/SK_MRS_1268_4_r.jpg;images/SK_MRS_1268_6_r.jpg;0
30;images/SK_MRS_1268_7_r.jpg;images/SK_MRS_1268_8_r.jpg;0
31;images/SK_MRS_1268_7_r.jpg;images/SK_MRS_1268_9_r.jpg;0
32;images/SK_MRS_1268_11_r.jpg;images/SK_MRS_1268_6_r.jpg;0
33;images/SK_MRS_1268_12_r.jpg;images/SK_MRS_1268_14_r.jpg;0
34;images/SK_MRS_1268_9_r.jpg;images/SK_MRS_1268_14a_r.jpg;1
35;images/SK_MRS_1268_8_r.jpg;images/SK_MRS_1268_15_r.jpg;1
36;images/SK_MRS_1268_4_r.jpg;images/SK_MRS_1268_16_r.jpg;1
37;images/SK_MRS_1268_4_r.jpg;images/SK_MRS_1268_17_r.jpg;1
38;images/SK_MRS_1268_16_r.jpg;images/SK_MRS_1268_17_r.jpg;1
39;images/SK_MRS_1268_10_r.jpg;images/SK_MRS_1268_18_r.jpg;1
40;images/SK_MRS_1268_9_r.jpg;images/SK_MRS_1268_19_r.jpg;1
41;images/SK_MRS_1268_14a_r.jpg;images/SK_MRS_1268_19_r.jpg;1
42;images/SK_MRS_1268_7_r.jpg;images/SK_MRS_1268_20_r.jpg;1
43;images/SK_MRS_1268_8_r.jpg;images/SK_MRS_1268_21_r.jpg;1
44;images/SK_MRS_1268_1_r.jpg;images/SK_MRS_1268_22_r.jpg;1
45;images/SK_MRS_1268_14a_v.jpg;images/SK_MRS_1268_15_v.jpg;0
46;images/SK_MRS_1268_16_v.jpg;images/SK_MRS_1268_17_v.jpg;0
47;images/SK_MRS_1268_18_v.jpg;images/SK_MRS_1268_19_v.jpg;0
48;images/SK_MRS_1268_18_v.jpg;images/SK_MRS_1268_20_v.jpg;0
49;images/SK_MRS_1268_20_v.jpg;images/SK_MRS_1268_21_v.jpg;0
50;images/SK_MRS_1268_24_r.jpg;images/SK_MRS_1268_5_r.jpg;0
51;images/SK_MRS_1268_23_r.jpg;images/SK_MRS_1268_5_r.jpg;1
52;images/SK_MRS_1269_1_r.jpg;images/SK_MRS_1269_3_r.jpg;1
53;images/SK_MRS_1269_1_v.jpg;images/SK_MRS_1269_2_v.jpg;0
54;images/SK_MRS_1269_2_v.jpg;images/SK_MRS_1269_3_v.jpg;0
55;images/SK_MRS_1269_1_r.jpg;images/SK_MRS_1269_2_r.jpg;0
56;images/SK_MRS_1269_3_r.jpg;images/SK_MRS_1269_5_r.jpg;0
57;images/SK_MRS_1270_1_r.jpg;images/SK_MRS_1270_2_r.jpg;0
58;images/SK_MRS_1270_3_r.jpg;images/SK_MRS_1270_4_r.jpg;0
59;images/SK_MRS_1271_3_r.jpg;images/SK_MRS_1272_2_r.jpg;1
60;images/SK_MRS_1272_18_r.jpg;images/SK_MRS_1272_19_r.jpg;1
61;images/SK_MRS_1272_20_r.jpg;images/SK_MRS_1272_28_r.jpg;1
62;images/SK_MRS_1272_29_r.jpg;images/SK_MRS_1272_31_r.jpg;1
63;images/SK_MRS_1272_32_r.jpg;images/SK_MRS_1272_34_r.jpg;1
64;images/SK_MRS_1272_33_r.jpg;images/SK_MRS_1272_36_r.jpg;1
65;images/SK_MRS_1272_30_r.jpg;images/SK_MRS_1272_40_r.jpg;1
66;images/SK_MRS_1272_31_r.jpg;images/SK_MRS_1272_32_r.jpg;0
67;images/SK_MRS_1272_37_r.jpg;images/SK_MRS_1272_38_r.jpg;0
68;images/SK_MRS_1272_41_r.jpg;images/SK_MRS_1272_42_r.jpg;0
69;images/SK_MRS_1272_46_r.jpg;images/SK_MRS_1272_47_r.jpg;1
70;images/SK_MRS_1272_47_r.jpg;images/SK_MRS_1272_48_r.jpg;0
71;images/SK_MRS_1273_2_r.jpg;images/SK_MRS_1273_3_r.jpg;0
72;images/SK_MRS_1273_9_r.jpg;images/SK_MRS_1273_18_r.jpg;0
73;images/SK_MRS_1274_1_r.jpg;images/SK_MRS_1274_2_r.jpg;1
74;images/SK_MRS_1275_4_r.jpg;images/SK_MRS_1275_5_r.jpg;1
75;images/SK_MRS_1276_1_r.jpg;images/SK_MRS_1276_1a_r.jpg;1
76;images/SK_MRS_1276_4a_r.jpg;images/SK_MRS_1276_6a_r.jpg;1
77;images/SK_MRS_1276_8_r.jpg;images/SK_MRS_1276_10_r.jpg;1
78;images/SK_MRS_1276_11_r.jpg;images/SK_MRS_1276_10_r.jpg;1
79;images/SK_MRS_1276_12_r.jpg;images/SK_MRS_1276_13_r.jpg;1
80;images/SK_MRS_1276_15_r.jpg;images/SK_MRS_1276_16_r.jpg;1
81;images/SK_MRS_1276_23_r.jpg;images/SK_MRS_1276_26_r.jpg;1
82;images/SK_MRS_1276_9_r.jpg;images/SK_MRS_1276_21_r.jpg;0
83;images/SK_MRS_1275_2_r.jpg;images/SK_MRS_1275_3_r.jpg;0
84;images/SK_MRS_1276_1c_v.jpg;images/SK_MRS_1276_2b_v.jpg;0
85;images/SK_MRS_1276_3_r.jpg;images/SK_MRS_1276_5_r.jpg;0
86;images/SK_MRS_1276_9_r.jpg;images/SK_MRS_1276_11_r.jpg;0
87;images/SK_MRS_1276_19_r.jpg;images/SK_MRS_1276_20_r.jpg;0
88;images/SK_MRS_1276_24_r.jpg;images/SK_MRS_1276_25_r.jpg;0
89;images/SK_MRS_1276_6_r.jpg;images/SK_MRS_1277_1_r.jpg;0
90;images/SK_MRS_1276_2_r.jpg;images/SK_MRS_1276_17_r.jpg;1
91;images/SK_MRS_1280_1_r.jpg;images/SK_MRS_1281_1_r.jpg;0
92;images/SK_MRS_1286_1_r.jpg;images/SK_MRS_1286_2_r.jpg;0
93;images/SK_MRS_1288_2_r.jpg;images/SK_MRS_1288_3_r.jpg;0
94;images/SK_MRS_1290_3_r.jpg;images/SK_MRS_1290_5_r.jpg;0
95;images/SK_MRS_1288_2_r.jpg;images/SK_MRS_1288_4_r.jpg;1
96;images/SK_MRS_1290_2_v.jpg;images/SK_MRS_1290_2a_v.jpg;1
97;images/SK_MRS_1291_7_r.jpg;images/SK_MRS_1291_8_r.jpg;1
98;images/SK_MRS_1292_7_r.jpg;images/SK_MRS_1293_A6_r.jpg;1
99;images/SK_MRS_1293_B2_r.jpg;images/SK_MRS_1293_B3_r.jpg;1
100;images/SK_MRS_1293_B4_r.jpg;images/SK_MRS_1293_B5_r.jpg;1
101;images/SK_MRS_1293_B4_r.jpg;images/SK_MRS_1293_B6_r.jpg;0
102;images/SK_MRS_1293_B7_r.jpg;images/SK_MRS_1293_B8_r.jpg;1
103;images/SK_MRS_1293_B10_r.jpg;images/SK_MRS_1293_B11_r.jpg;0
104;images/SK_MRS_1293_B11_r.jpg;images/SK_MRS_1293_B12_r.jpg;1
105;images/SK_MRS_1293_B13_r.jpg;images/SK_MRS_1293_B14_r.jpg;1
106;images/SK_MRS_1293_B15_r.jpg;images/SK_MRS_1293_B16_r.jpg;1
107;images/SK_MRS_1293_B15_r.jpg;images/SK_MRS_1293_B17_r.jpg;0
108;images/SK_MRS_1293_B18_r.jpg;images/SK_MRS_1293_B22_r.jpg;0
109;images/SK_MRS_1293_B24_r.jpg;images/SK_MRS_1293_B25_r.jpg;0
110;images/SK_MRS_1293_B23_r.jpg;images/SK_MRS_1293_B26_r.jpg;0
111;images/SK_MRS_1293_B27_r.jpg;images/SK_MRS_1293_B30_r.jpg;0
112;images/SK_MRS_1293_B28_r.jpg;images/SK_MRS_1293_B29_r.jpg;0
113;images/SK_MRS_1293_B28_r.jpg;images/SK_MRS_1293_B32_r.jpg;0
114;images/SK_MRS_1293_B33_r.jpg;images/SK_MRS_1293_B36_r.jpg;0
115;images/SK_MRS_1293_B36_r.jpg;images/SK_MRS_1293_B38_r.jpg;0
116;images/SK_MRS_1293_B39_r.jpg;images/SK_MRS_1293_B40_r.jpg;0
117;images/SK_MRS_1293_B42_r.jpg;images/SK_MRS_1293_B46_r.jpg;0
118;images/SK_MRS_1293_B44_r.jpg;images/SK_MRS_1293_B46_r.jpg;0
119;images/SK_MRS_1293_B47_r.jpg;images/SK_MRS_1293_B49_r.jpg;0
120;images/SK_MRS_1294_1_r.jpg;images/SK_MRS_1294_2_r.jpg;1
121;images/SK_MRS_1295_2_r.jpg;images/SK_MRS_1295_3_r.jpg;0
122;images/SK_MRS_1296_5_r.jpg;images/SK_MRS_1296_7_r.jpg;1
123;images/SK_MRS_1296_9_r.jpg;images/SK_MRS_1296_10_r.jpg;1
124;images/SK_MRS_1296_11_r.jpg;images/SK_MRS_1296_13_r.jpg;0
125;images/SK_MRS_1297_1_r.jpg;images/SK_MRS_1297_6_r.jpg;1
126;images/SK_MRS_1297_3_r.jpg;images/SK_MRS_1297_7_r.jpg;1
127;images/SK_MRS_1297_4_r.jpg;images/SK_MRS_1297_5_r.jpg;1
128;images/SK_MRS_1297_2_r.jpg;images/SK_MRS_1297_5_r.jpg;0
129;images/SK_MRS_1298_1_v.jpg;images/SK_MRS_1298_2_v.jpg;0
130;images/SK_MRS_1298_4_v.jpg;images/SK_MRS_1298_5_v.jpg;0
131;images/SK_MRS_1298_6_v.jpg;images/SK_MRS_1298_7_v.jpg;0
132;images/SK_MRS_1299_A2_r.jpg;images/SK_MRS_1299_A3_r.jpg;0
133;images/SK_MRS_1299_C5_r.jpg;images/SK_MRS_1299_C8_r.jpg;0
134;images/SK_MRS_1299_D9_r.jpg;images/SK_MRS_1299_D10_r.jpg;0
135;images/SK_MRS_1299_D20_r.jpg;images/SK_MRS_1299_D23_r.jpg;0
136;images/SK_MRS_1299_D24_r.jpg;images/SK_MRS_1299_D25_r.jpg;1
137;images/SK_MRS_1299_D20_r.jpg;images/SK_MRS_1299_D28_r.jpg;1
138;images/SK_MRS_1299_D23_r.jpg;images/SK_MRS_1299_D33_r.jpg;1
139;images/SK_MRS_1299_D15_r.jpg;images/SK_MRS_1299_D37_r.jpg;1
140;images/SK_MRS_1299_B2_r.jpg;images/SK_MRS_1299_D38_r.jpg;1
141;images/SK_MRS_1299_E5_r.jpg;images/SK_MRS_1299_E6_r.jpg;1
142;images/SK_MRS_1299_E7_r.jpg;images/SK_MRS_1299_E8_r.jpg;1
143;images/SK_MRS_1300_23_r.jpg;images/SK_MRS_1300_24_r.jpg;1
144;images/SK_MRS_1300_26_r.jpg;images/SK_MRS_1300_27_r.jpg;1
145;images/SK_MRS_1300_26_r.jpg;images/SK_MRS_1300_32_r.jpg;1
146;images/SK_MRS_1300_34_r.jpg;images/SK_MRS_1300_35_r.jpg;1
147;images/SK_MRS_1300_40_r.jpg;images/SK_MRS_1300_43_r.jpg;1
148;images/SK_MRS_1300_37_r.jpg;images/SK_MRS_1300_45_r.jpg;1
149;images/SK_MRS_1300_36_r.jpg;images/SK_MRS_1300_37_r.jpg;0
150;images/SK_MRS_1300_32_r.jpg;images/SK_MRS_1300_46_r.jpg;1
151;images/SK_MRS_1300_39_r.jpg;images/SK_MRS_1300_48_r.jpg;1
152;images/SK_MRS_1300_44_r.jpg;images/SK_MRS_1300_48_r.jpg;0
153;images/SK_MRS_1300_48_r.jpg;images/SK_MRS_1300_49_r.jpg;0
154;images/SK_MRS_1300_50_r.jpg;images/SK_MRS_1300_53_r.jpg;1
155;images/SK_MRS_1300_52_r.jpg;images/SK_MRS_1300_53_r.jpg;0
156;images/SK_MRS_1301_B1_r.jpg;images/SK_MRS_1301_B2_r.jpg;1
157;images/SK_MRS_1301_A1_r.jpg;images/SK_MRS_1301_B2_r.jpg;0
158;images/SK_MRS_1303_4_r.jpg;images/SK_MRS_1303_5_r.jpg;1
159;images/SK_MRS_1303_6_r.jpg;images/SK_MRS_1303_7_r.jpg;0
160;images/SK_MRS_1303_11_r.jpg;images/SK_MRS_1303_12_r.jpg;0
161;images/SK_MRS_1303_19_r.jpg;images/SK_MRS_1303_20_r.jpg;0
162;images/SK_MRS_1304_1_r.jpg;images/SK_MRS_1304_2_r.jpg;1
163;images/SK_MRS_1304_3_r.jpg;images/SK_MRS_1304_2_r.jpg;0
164;images/SK_MRS_1304_7_r.jpg;images/SK_MRS_1304_8_r.jpg;1
165;images/SK_MRS_1304_9_r.jpg;images/SK_MRS_1304_10_r.jpg;1
166;images/SK_MRS_1304_11_r.jpg;images/SK_MRS_1304_14_r.jpg;0
167;images/SK_MRS_1304_18_r.jpg;images/SK_MRS_1304_19_r.jpg;1
168;images/SK_MRS_1304_22_r.jpg;images/SK_MRS_1304_23_r.jpg;1
169;images/SK_MRS_1304_27_r.jpg;images/SK_MRS_1304_35_r.jpg;1
170;images/SK_MRS_1304_32_r.jpg;images/SK_MRS_1304_33_r.jpg;0
171;images/SK_MRS_1304_28_r.jpg;images/SK_MRS_1304_37_r.jpg;1
172;images/SK_MRS_1304_26_r.jpg;images/SK_MRS_1304_40_r.jpg;1
173;images/SK_MRS_1304_25_r.jpg;images/SK_MRS_1304_42_r.jpg;1
174;images/SK_MRS_1304_35_r.jpg;images/SK_MRS_1304_41_r.jpg;0
175;images/SK_MRS_1305_1_r.jpg;images/SK_MRS_1305_2_r.jpg;0
176;images/SK_MRS_1305_3_r.jpg;images/SK_MRS_1305_2_r.jpg;1
177;images/SK_MRS_1306_1_r.jpg;images/SK_MRS_1306_2_r.jpg;1
178;images/SK_MRS_1306_3_r.jpg;images/SK_MRS_1306_4_r.jpg;1
179;images/SK_MRS_1307_1_r.jpg;images/SK_MRS_1307_4_r.jpg;0
180;images/SK_MRS_1307_9_r.jpg;images/SK_MRS_1307_4_r.jpg;1
181;images/SK_MRS_1307_2_r.jpg;images/SK_MRS_1307_5_r.jpg;1
182;images/SK_MRS_1307_5_r.jpg;images/SK_MRS_1307_6_r.jpg;1
183;images/SK_MRS_1307_3_r.jpg;images/SK_MRS_1307_8_r.jpg;1
184;images/SK_MRS_1307_8_r.jpg;images/SK_MRS_1307_10_r.jpg;1
185;images/SK_MRS_1307_3_r.jpg;images/SK_MRS_1307_10_r.jpg;1
186;images/SK_MRS_1308_1_r.jpg;images/SK_MRS_1308_5_r.jpg;1
187;images/SK_MRS_1308_4_r.jpg;images/SK_MRS_1308_6_r.jpg;1
188;images/SK_MRS_1308_1_r.jpg;images/SK_MRS_1308_2_r.jpg;0
189;images/SK_MRS_1308_2_r.jpg;images/SK_MRS_1308_10_r.jpg;1
190;images/SK_MRS_1308_8_r.jpg;images/SK_MRS_1308_9_r.jpg;1
191;images/SK_MRS_1309_A1_r.jpg;images/SK_MRS_1309_A3_r.jpg;0
192;images/SK_MRS_1309_A2_r.jpg;images/SK_MRS_1309_A6_r.jpg;0
193;images/SK_MRS_1309_A3_r.jpg;images/SK_MRS_1309_A4_r.jpg;0
194;images/SK_MRS_1309_A5_r.jpg;images/SK_MRS_1309_A8_r.jpg;0
195;images/SK_MRS_1309_A4_r.jpg;images/SK_MRS_1309_A8_r.jpg;0
196;images/SK_MRS_1309_A6_r.jpg;images/SK_MRS_1309_A7_r.jpg;0
197;images/SK_MRS_1309_A2_r.jpg;images/SK_MRS_1309_A10_r.jpg;0
198;images/SK_MRS_1309_A3_r.jpg;images/SK_MRS_1309_A9_r.jpg;0
199;images/SK_MRS_1309_A6_r.jpg;images/SK_MRS_1309_A11_r.jpg;0
200;images/SK_MRS_1309_A13_r.jpg;images/SK_MRS_1309_A14_r.jpg;0
201;images/SK_MRS_1309_A17_r.jpg;images/SK_MRS_1309_A20_r.jpg;0
202;images/SK_MRS_1309_A21_r.jpg;images/SK_MRS_1309_A22_r.jpg;1
203;images/SK_MRS_1309_A21_r.jpg;images/SK_MRS_1309_A23_r.jpg;1
204;images/SK_MRS_1309_A22_r.jpg;images/SK_MRS_1309_A23_r.jpg;1
205;images/SK_MRS_1309_B6_r.jpg;images/SK_MRS_1309_B7_r.jpg;0
206;images/SK_MRS_1309_B3_r.jpg;images/SK_MRS_1309_B4_r.jpg;0
207;images/SK_MRS_1309_B10_r.jpg;images/SK_MRS_1309_B12_r.jpg;0
208;images/SK_MRS_1309_B14_r.jpg;images/SK_MRS_1309_B18_r.jpg;0
209;images/SK_MRS_1309_B24_r.jpg;images/SK_MRS_1309_B25_r.jpg;1
210;images/SK_MRS_1309_B30_r.jpg;images/SK_MRS_1309_B31_r.jpg;0
211;images/SK_MRS_1309_B22_r.jpg;images/SK_MRS_1309_B27_r.jpg;0
212;images/SK_MRS_1309_B22_r.jpg;images/SK_MRS_1309_B34_r.jpg;1
213;images/SK_MRS_1309_B28_r.jpg;images/SK_MRS_1309_B35_r.jpg;0
214;images/SK_MRS_1309_B39_r.jpg;images/SK_MRS_1309_B41_r.jpg;0
215;images/SK_MRS_1309_B45_r.jpg;images/SK_MRS_1309_B46_r.jpg;0
216;images/SK_MRS_1309_B50_r.jpg;images/SK_MRS_1309_B51_r.jpg;0
217;images/SK_MRS_1309_B53_r.jpg;images/SK_MRS_1309_B54_r.jpg;0
218;images/SK_MRS_1309_B55_r.jpg;images/SK_MRS_1309_B56_r.jpg;0
219;images/SK_MRS_1309_B68_r.jpg;images/SK_MRS_1309_B69_r.jpg;0
220;images/SK_MRS_1309_B73_r.jpg;images/SK_MRS_1309_B74_r.jpg;0
221;images/SK_MRS_1309_B88_r.jpg;images/SK_MRS_1309_B89_r.jpg;0
222;images/SK_MRS_1309_B98_r.jpg;images/SK_MRS_1309_B99_r.jpg;0
223;images/SK_MRS_1309_B101_r.jpg;images/SK_MRS_1309_B102_r.jpg;0
224;images/SK_MRS_1309_B106_r.jpg;images/SK_MRS_1309_B107_r.jpg;0
225;images/SK_MRS_1311_6_r (7th copy).jpg;images/SK_MRS_1311_7_r (4th copy).jpg;0
226;images/SK_MRS_1311_7_r (7th copy).jpg;images/SK_MRS_1311_8_r (3rd copy).jpg;0
227;images/SK_MRS_1311_7_r (5th copy).jpg;images/SK_MRS_1311_8_r (copy).jpg;0
228;images/SK_MRS_1311_9_r (3rd copy).jpg;images/SK_MRS_1311_9_r (4th copy).jpg;0
229;images/SK_MRS_1311_11_r (5th copy).jpg;images/SK_MRS_1311_11_r (6th copy).jpg;0
230;images/SK_MRS_1311_13_r (another copy).jpg;images/SK_MRS_1311_13_r.jpg;1
231;images/SK_MRS_1312_A1_r.jpg;images/SK_MRS_1312_A4_r.jpg;1
232;images/SK_MRS_1312_A2_r.jpg;images/SK_MRS_1312_B1_r.jpg;0
233;images/SK_MRS_1312_B1_r.jpg;images/SK_MRS_1312_B3_r.jpg;1
234;images/SK_MRS_1312_A1_r.jpg;images/SK_MRS_1312_B4_r.jpg;1
235;images/SK_MRS_1312_B11_r.jpg;images/SK_MRS_1312_B15_r.jpg;1
236;images/SK_MRS_1312_B7_r.jpg;images/SK_MRS_1312_B8_r.jpg;0
237;images/SK_MRS_1312_B19_r.jpg;images/SK_MRS_1312_B23_r.jpg;0
238;images/SK_MRS_1314_4_r.jpg;images/SK_MRS_1314_5_r.jpg;1
239;images/SK_MRS_1314_8_r.jpg;images/SK_MRS_1314_14_r.jpg;1
240;images/SK_MRS_1314_4_r.jpg;images/SK_MRS_1314_17_r.jpg;1
241;images/SK_MRS_1314_15_r.jpg;images/SK_MRS_1314_16_r.jpg;0
242;images/SK_MRS_1314_14_r.jpg;images/SK_MRS_1314_24_r.jpg;1
243;images/SK_MRS_1314_22_r.jpg;images/SK_MRS_1314_23_r.jpg;0
244;images/SK_MRS_1315_1_r.jpg;images/SK_MRS_1315_3_r.jpg;1
245;images/SK_MRS_1315_4_r.jpg;images/SK_MRS_1315_9_r.jpg;1
246;images/SK_MRS_1315_2_r.jpg;images/SK_MRS_1315_11_r.jpg;1
247;images/SK_MRS_1315_10_r.jpg;images/SK_MRS_1315_12_r.jpg;1
248;images/SK_MRS_1315_7_r.jpg;images/SK_MRS_1315_8_r.jpg;0
249;images/SK_MRS_1317_1_r.jpg;images/SK_MRS_1317_2_r.jpg;1
250;images/SK_MRS_1317_3_r.jpg;images/SK_MRS_1317_6_r.jpg;1
251;images/SK_MRS_1317_4_r.jpg;images/SK_MRS_1317_11_r.jpg;1
252;images/SK_MRS_1317_5_r.jpg;images/SK_MRS_1317_9_r.jpg;1
253;images/SK_MRS_1317_12_r.jpg;images/SK_MRS_1317_13_r.jpg;1
254;images/SK_MRS_1317_14_r.jpg;images/SK_MRS_1317_15_r.jpg;0
255;images/SK_MRS_1318_2_r.jpg;images/SK_MRS_1318_4_r.jpg;1
256;images/SK_MRS_1318_3_r.jpg;images/SK_MRS_1318_7_r.jpg;1
257;images/SK_MRS_1318_8_r.jpg;images/SK_MRS_1318_9_r.jpg;1
258;images/SK_MRS_1318_2_r.jpg;images/SK_MRS_1318_8_r.jpg;1
259;images/SK_MRS_1319_2_r.jpg;images/SK_MRS_1319_3_r.jpg;0
260;images/SK_MRS_1319_11_r.jpg;images/SK_MRS_1319_12_r.jpg;0
261;images/SK_MRS_1319_16_r.jpg;images/SK_MRS_1319_17_r.jpg;1
262;images/SK_MRS_1319_21_r.jpg;images/SK_MRS_1319_25_r.jpg;0
263;images/SK_MRS_1319_23_r.jpg;images/SK_MRS_1319_27_r.jpg;1
264;images/SK_MRS_1319_24_r.jpg;images/SK_MRS_1319_29_r.jpg;1
265;images/SK_MRS_1319_15_r.jpg;images/SK_MRS_1319_28_r.jpg;1
266;images/SK_MRS_1319_25_r.jpg;images/SK_MRS_1319_34_r.jpg;1
267;images/SK_MRS_1319_12_r.jpg;images/SK_MRS_1319_30_r.jpg;1
268;images/SK_MRS_1319_36_r.jpg;images/SK_MRS_1319_37_r.jpg;1
269;images/SK_MRS_1319_30_r.jpg;images/SK_MRS_1319_38_r.jpg;1
270;images/SK_MRS_1319_41_r.jpg;images/SK_MRS_1319_43_r.jpg;0
271;images/SK_MRS_1319_45_r.jpg;images/SK_MRS_1319_49_r.jpg;1
272;images/SK_MRS_1319_46_r.jpg;images/SK_MRS_1319_53_r.jpg;1
273;images/SK_MRS_1319_47_r.jpg;images/SK_MRS_1319_51_r.jpg;1
274;images/SK_MRS_1319_48_r.jpg;images/SK_MRS_1319_50_r.jpg;1
275;images/SK_MRS_1319_56_r.jpg;images/SK_MRS_1319_57_r.jpg;1
276;images/SK_MRS_1319_54_r.jpg;images/SK_MRS_1319_55_r.jpg;0
277;images/SK_MRS_1320_1_r.jpg;images/SK_MRS_1320_3_r.jpg;1
278;images/SK_MRS_1320_2_r.jpg;images/SK_MRS_1320_4_r.jpg;1
279;images/SK_MRS_1320_5_r.jpg;images/SK_MRS_1320_7_r.jpg;1
280;images/SK_MRS_1321_6_r.jpg;images/SK_MRS_1321_7_r.jpg;0
281;images/SK_MRS_1321_12_r.jpg;images/SK_MRS_1321_14_r.jpg;0
282;images/SK_MRS_1321_13_r.jpg;images/SK_MRS_1321_15_r.jpg;0
283;images/SK_MRS_1321_16_r.jpg;images/SK_MRS_1321_18_r.jpg;0
284;images/SK_MRS_1321_13_r.jpg;images/SK_MRS_1322_6_r.jpg;1
285;images/SK_MRS_1322_11_r.jpg;images/SK_MRS_1322_12_r.jpg;0
286;images/SK_MRS_1322_23_r.jpg;images/SK_MRS_1322_24_r.jpg;0
284;images/SK_MRS_1323_4_r.jpg;images/SK_MRS_1323_5_r.jpg;1
284;images/SK_MRS_1321_14_r.jpg;images/SK_MRS_1324_2_r.jpg;1
289;images/SK_MRS_1324_7_r.jpg;images/SK_MRS_1324_8_r.jpg;0
290;images/SK_MRS_1324_10_r.jpg;images/SK_MRS_1324_12_r.jpg;0
291;images/SK_MRS_1325_2_v.jpg;images/SK_MRS_1325_5_v.jpg;0
292;images/SK_MRS_1325_8_r.jpg;images/SK_MRS_1325_9_r.jpg;0
293;images/SK_MRS_1325_11_r.jpg;images/SK_MRS_1325_12_r.jpg;0
294;images/SK_MRS_1325_3_v.jpg;images/SK_MRS_1325_9_v.jpg;0
295;images/SK_MRS_1326_3_r.jpg;images/SK_MRS_1326_4_r.jpg;0
296;images/SK_MRS_1328_1_r.jpg;images/SK_MRS_1328_2_r.jpg;0
297;images/SK_MRS_1326_1_r.jpg;images/SK_MRS_1326_6_r.jpg;1
298;images/SK_MRS_1328_20_r.jpg;images/SK_MRS_1328_28_r.jpg;1
299;images/SK_MRS_1330_11_r.jpg;images/SK_MRS_1330_16_r.jpg;1
300;images/SK_MRS_1328_21_r.jpg;images/SK_MRS_1328_22_r.jpg;0
301;images/SK_MRS_1328_21_r.jpg;images/SK_MRS_1328_25_r.jpg;0
302;images/SK_MRS_1329_2_r.jpg;images/SK_MRS_1329_3_r.jpg;0
303;images/SK_MRS_1330_4_r.jpg;images/SK_MRS_1330_7_r.jpg;0
304;images/SK_MRS_1330_14_r.jpg;images/SK_MRS_1330_15_r.jpg;0
305;images/SK_MRS_1330_24_r.jpg;images/SK_MRS_1330_25_r.jpg;0
306;images/SK_MRS_1330_26_r.jpg;images/SK_MRS_1330_27_r.jpg;0
307;images/SK_MRS_1330_36_r.jpg;images/SK_MRS_1330_37_r.jpg;1
308;images/SK_MRS_1330_38_r.jpg;images/SK_MRS_1330_39_r.jpg;1
309;images/SK_MRS_1330_34_r.jpg;images/SK_MRS_1330_35_r.jpg;0
310;images/SK_MRS_1331_1_r.jpg;images/SK_MRS_1331_3_r.jpg;1
311;images/SK_MRS_1331_5_r.jpg;images/SK_MRS_1331_6_r.jpg;1
312;images/SK_MRS_1331_9_r.jpg;images/SK_MRS_1331_6_r.jpg;1
313;images/SK_MRS_1331_9_r.jpg;images/SK_MRS_1331_5_r.jpg;1
314;images/SK_MRS_1333_6_r.jpg;images/SK_MRS_1333_8_r.jpg;1
315;images/SK_MRS_1333_2_r.jpg;images/SK_MRS_1333_3_r.jpg;0
316;images/SK_MRS_1333_2_r.jpg;images/SK_MRS_1333_12_r.jpg;1
317;images/SK_MRS_1333_9_r.jpg;images/SK_MRS_1333_11_r.jpg;1
318;images/SK_MRS_1333_14_r.jpg;images/SK_MRS_1333_18_r.jpg;1
319;images/SK_MRS_1333_17_r.jpg;images/SK_MRS_1333_19_r.jpg;0
320;images/SK_MRS_1333_1_r.jpg;images/SK_MRS_1333_27_r.jpg;0
321;images/SK_MRS_1334_7_r.jpg;images/SK_MRS_1334_8_r.jpg;0
322;images/SK_MRS_1334_12_r.jpg;images/SK_MRS_1334_13_r.jpg;0
323;images/SK_MRS_1334_19_r.jpg;images/SK_MRS_1334_20_r.jpg;0
324;images/SK_MRS_1334_25_r.jpg;images/SK_MRS_1334_26_r.jpg;0
325;images/SK_MRS_1334_26_r.jpg;images/SK_MRS_1334_34_r.jpg;0
326;images/SK_MRS_1334_41_r.jpg;images/SK_MRS_1334_48_r.jpg;0
327;images/SK_MRS_1334_60_r.jpg;images/SK_MRS_1334_61_r.jpg;0
328;images/SK_MRS_1334_62_r.jpg;images/SK_MRS_1334_63_r.jpg;0
329;images/SK_MRS_1334_68_r.jpg;images/SK_MRS_1334_69_r.jpg;0
330;images/SK_MRS_1334_73_r.jpg;images/SK_MRS_1334_74_r.jpg;1
331;images/SK_MRS_1334_69_r.jpg;images/SK_MRS_1334_70_r.jpg;0
332;images/SK_MRS_1334_81_r.jpg;images/SK_MRS_1334_82_r.jpg;1
333;images/SK_MRS_1334_83_r.jpg;images/SK_MRS_1334_82_r.jpg;0
334;images/SK_MRS_1334_92_r.jpg;images/SK_MRS_1334_93_r.jpg;0
335;images/SK_MRS_1334_97_r.jpg;images/SK_MRS_1334_98_r.jpg;0
336;images/SK_MRS_1334_104_r.jpg;images/SK_MRS_1334_111_r.jpg;0
337;images/SK_MRS_1334_114_r.jpg;images/SK_MRS_1334_115_r.jpg;0
338;images/SK_MRS_1335_2_r.jpg;images/SK_MRS_1335_4_r.jpg;0
339;images/SK_MRS_1335_2_r.jpg;images/SK_MRS_1335_1_r.jpg;0
340;images/SK_MRS_1335_6_r.jpg;images/SK_MRS_1335_7_r.jpg;0
341;images/SK_MRS_1335_2_r.jpg;images/SK_MRS_1335_12_r.jpg;1
342;images/SK_MRS_1335_2_r.jpg;images/SK_MRS_1335_16_r.jpg;1
343;images/SK_MRS_1335_12_r.jpg;images/SK_MRS_1335_16_r.jpg;1
344;images/SK_MRS_1335_10_r.jpg;images/SK_MRS_1335_11_r.jpg;0
345;images/SK_MRS_1335_15_v.jpg;images/SK_MRS_1335_18_v.jpg;0
346;images/SK_MRS_1335_13_r.jpg;images/SK_MRS_1335_15_r.jpg;0
347;images/SK_MRS_1335_21_r.jpg;images/SK_MRS_1335_22_r.jpg;0
348;images/SK_MRS_1335_26_r.jpg;images/SK_MRS_1335_27_r.jpg;0
349;images/SK_MRS_1335_30_r.jpg;images/SK_MRS_1335_31_r.jpg;0
350;images/SK_MRS_1335_40_r.jpg;images/SK_MRS_1335_41_r.jpg;0
351;images/SK_MRS_1335_50_r.jpg;images/SK_MRS_1335_52_r.jpg;0
352;images/SK_MRS_1335_51_r.jpg;images/SK_MRS_1335_52_r.jpg;0
353;images/SK_MRS_1335_54_r.jpg;images/SK_MRS_1335_55_r.jpg;1
354;images/SK_MRS_1335_58_r.jpg;images/SK_MRS_1335_59_r.jpg;0
355;images/SK_MRS_1335_57_r.jpg;images/SK_MRS_1335_61_r.jpg;0
356;images/SK_MRS_1335_63_r.jpg;images/SK_MRS_1335_64_r.jpg;0
357;images/SK_MRS_1335_66_r.jpg;images/SK_MRS_1335_67_r.jpg;0
358;images/SK_MRS_1335_68_r.jpg;images/SK_MRS_1335_69_r.jpg;0
359;images/SK_MRS_1335_95_r.jpg;images/SK_MRS_1335_96_r.jpg;0
360;images/SK_MRS_1337_1_r.jpg;images/SK_MRS_1337_2_r.jpg;0
361;images/SK_MRS_1338_12_r.jpg;images/SK_MRS_1338_13_r.jpg;0
362;images/SK_MRS_1338_2_r.jpg;images/SK_MRS_1338_6_r.jpg;1
363;images/SK_MRS_1339_2_r.jpg;images/SK_MRS_1339_4_r.jpg;1
364;images/SK_MRS_1340_1_r.jpg;images/SK_MRS_1340_3_r.jpg;1
365;images/SK_MRS_1340_1_r.jpg;images/SK_MRS_1340_4_r.jpg;1
366;images/SK_MRS_1340_3_r.jpg;images/SK_MRS_1340_4_r.jpg;1
367;images/SK_MRS_1340_5_r.jpg;images/SK_MRS_1340_6_r.jpg;1
368;images/SK_MRS_1343_5_r.jpg;images/SK_MRS_1343_6_r.jpg;0
369;images/SK_MRS_1343_7_r.jpg;images/SK_MRS_1343_13_r.jpg;1
370;images/SK_MRS_1343_9_r.jpg;images/SK_MRS_1343_10_r.jpg;1
371;images/SK_MRS_1343_9_r.jpg;images/SK_MRS_1343_11_r.jpg;1
372;images/SK_MRS_1343_10_r.jpg;images/SK_MRS_1343_11_r.jpg;1
373;images/SK_MRS_1343_1_r.jpg;images/SK_MRS_1343_12_r.jpg;1
374;images/SK_MRS_1343_2_r.jpg;images/SK_MRS_1343_9_r.jpg;1
375;images/SK_MRS_1343_2_r.jpg;images/SK_MRS_1343_10_r.jpg;1
376;images/SK_MRS_1343_2_r.jpg;images/SK_MRS_1343_11_r.jpg;1
377;images/SK_MRS_1343_4_r.jpg;images/SK_MRS_1343_14_r.jpg;1
378;images/SK_MRS_1343_5_r.jpg;images/SK_MRS_1343_16_r.jpg;1
379;images/SK_MRS_1343_6_r.jpg;images/SK_MRS_1343_15_r.jpg;1
380;images/SK_MRS_1343_2_r.jpg;images/SK_MRS_1343_17_r.jpg;1
381;images/SK_MRS_1343_9_r.jpg;images/SK_MRS_1343_17_r.jpg;1
382;images/SK_MRS_1343_10_r.jpg;images/SK_MRS_1343_17_r.jpg;1
383;images/SK_MRS_1343_11_r.jpg;images/SK_MRS_1343_17_r.jpg;1
384;images/SK_MRS_1343_3_r.jpg;images/SK_MRS_1343_18_r.jpg;1
385;images/SK_MRS_1344_A4_r.jpg;images/SK_MRS_1344_A5_r.jpg;1
386;images/SK_MRS_1344_A2_r.jpg;images/SK_MRS_1344_A10_r.jpg;1
387;images/SK_MRS_1344_A1_r.jpg;images/SK_MRS_1344_A9_r.jpg;1
388;images/SK_MRS_1344_A6_r.jpg;images/SK_MRS_1344_A7_r.jpg;1
389;images/SK_MRS_1344_A6_r.jpg;images/SK_MRS_1344_A3_r.jpg;1
390;images/SK_MRS_1344_A7_r.jpg;images/SK_MRS_1344_A3_r.jpg;1
391;images/SK_MRS_1344_B5_r.jpg;images/SK_MRS_1344_B9_r.jpg;1
392;images/SK_MRS_1344_B1_r.jpg;images/SK_MRS_1344_B6_r.jpg;0
393;images/SK_MRS_1344_B4_r.jpg;images/SK_MRS_1344_B9_r.jpg;0
394;images/SK_MRS_1344_B3_r.jpg;images/SK_MRS_1344_B8_r.jpg;0
395;images/SK_MRS_1346_7_r.jpg;images/SK_MRS_1346_13_r.jpg;1
396;images/SK_MRS_1346_8_r.jpg;images/SK_MRS_1346_12_r.jpg;1
397;images/SK_MRS_1346_4_r.jpg;images/SK_MRS_1346_11_r.jpg;1
398;images/SK_MRS_1346_9_r.jpg;images/SK_MRS_1346_14_r.jpg;1
399;images/SK_MRS_1346_5_r.jpg;images/SK_MRS_1346_15_r.jpg;1
400;images/SK_MRS_1346_2_r.jpg;images/SK_MRS_1346_16_r.jpg;1
401;images/SK_MRS_1346_6_r.jpg;images/SK_MRS_1346_17_r.jpg;1
402;images/SK_MRS_1346_32_r.jpg;images/SK_MRS_1346_33_r.jpg;0
403;images/SK_MRS_1346_21_r.jpg;images/SK_MRS_1346_22_r.jpg;0
404;images/SK_MRS_1346_26_r.jpg;images/SK_MRS_1346_27_r.jpg;0
405;images/SK_MRS_1347_5_r.jpg;images/SK_MRS_1347_8_r.jpg;0
406;images/SK_MRS_1347_3_r.jpg;images/SK_MRS_1347_4_r.jpg;0
407;images/SK_MRS_1347_12_r.jpg;images/SK_MRS_1347_13_r.jpg;1
408;images/SK_MRS_1347_9_r.jpg;images/SK_MRS_1347_17_r.jpg;1
409;images/SK_MRS_1347_18_r.jpg;images/SK_MRS_1347_21_r.jpg;0
410;images/SK_MRS_1347_15_r.jpg;images/SK_MRS_1347_20_r.jpg;1
411;images/SK_MRS_1347_16_r.jpg;images/SK_MRS_1347_19_r.jpg;1
412;images/SK_MRS_1347_8_r.jpg;images/SK_MRS_1347_22_r.jpg;1
413;images/SK_MRS_1347_6_r.jpg;images/SK_MRS_1347_23_r.jpg;1
414;images/SK_MRS_1347_5_r.jpg;images/SK_MRS_1347_27_r.jpg;1
415;images/SK_MRS_1347_7_r.jpg;images/SK_MRS_1347_24_r.jpg;1
416;images/SK_MRS_1347_3_r.jpg;images/SK_MRS_1347_25_r.jpg;1
417;images/SK_MRS_1347_2_r.jpg;images/SK_MRS_1347_26_r.jpg;1
418;images/SK_MRS_1347_32_r.jpg;images/SK_MRS_1347_33_r.jpg;1
419;images/SK_MRS_1347_35_r.jpg;images/SK_MRS_1344_B4_r.jpg;1
420;images/SK_MRS_1347_34_r.jpg;images/SK_MRS_1344_B6_r.jpg;1
421;images/SK_MRS_1347_31_r.jpg;images/SK_MRS_1344_B5_r.jpg;1
422;images/SK_MRS_1347_36_r.jpg;images/SK_MRS_1344_B8_r.jpg;1
423;images/SK_MRS_1347_29_r.jpg;images/SK_MRS_1344_B7_r.jpg;1
424;images/SK_MRS_1347_37_r.jpg;images/SK_MRS_1347_38_r.jpg;1
425;images/SK_MRS_1347_35_r.jpg;images/SK_MRS_1347_40_r.jpg;1
426;images/SK_MRS_1347_40_r.jpg;images/SK_MRS_1344_B4_r.jpg;1
427;images/SK_MRS_1347_31_r.jpg;images/SK_MRS_1347_39_r.jpg;1
428;images/SK_MRS_1347_39_r.jpg;images/SK_MRS_1344_B5_r.jpg;1
429;images/SK_MRS_1347_34_r.jpg;images/SK_MRS_1347_39_r.jpg;0
430;images/SK_MRS_1348_3_r.jpg;images/SK_MRS_1348_4_r.jpg;1
431;images/SK_MRS_1348_3_v.jpg;images/SK_MRS_1348_4_v.jpg;0
432;images/SK_MRS_1348_2_r.jpg;images/SK_MRS_1348_6_r.jpg;1
433;images/SK_MRS_1348_6_r.jpg;images/SK_MRS_1348_7_r.jpg;0
434;images/SK_MRS_1348_9_r.jpg;images/SK_MRS_1348_12_r.jpg;1
435;images/SK_MRS_1348_10_r.jpg;images/SK_MRS_1348_11_r.jpg;1
436;images/SK_MRS_1348_13_r.jpg;images/SK_MRS_1348_14_r.jpg;1
437;images/SK_MRS_1348_15_r.jpg;images/SK_MRS_1348_16_r.jpg;1
438;images/SK_MRS_1348_5_r.jpg;images/SK_MRS_1348_17_r.jpg;1
439;images/SK_MRS_1348_19_r.jpg;images/SK_MRS_1348_20_r.jpg;0
440;images/SK_MRS_1348_21_r.jpg;images/SK_MRS_1348_22_r.jpg;0
441;images/SK_MRS_1348_22_r.jpg;images/SK_MRS_1348_24_r.jpg;0
442;images/SK_MRS_1349_2_r (3rd copy).jpg;images/SK_MRS_1349_2_r (7th copy).jpg;1
443;images/SK_MRS_1349_2_r (5th copy).jpg;images/SK_MRS_1349_2_r (copy).jpg;1
444;images/SK_MRS_1349_2_r (6th copy).jpg;images/SK_MRS_1349_2_r.jpg;1
445;images/SK_MRS_1349_2_r (3rd copy).jpg;images/SK_MRS_1349_2_r (4th copy).jpg;0
446;images/SK_MRS_1349_3_r (3rd copy).jpg;images/SK_MRS_1349_3_r (4th copy).jpg;0
447;images/SK_MRS_1349_3_r (3rd copy).jpg;images/SK_MRS_1349_3_r (another copy).jpg;0
448;images/SK_MRS_1349_3_r (4th copy).jpg;images/SK_MRS_1349_3_r (another copy).jpg;0
449;images/SK_MRS_1349_3_r (6th copy).jpg;images/SK_MRS_1349_3_r.jpg;0
450;images/SK_MRS_1349_4_r (copy).jpg;images/SK_MRS_1349_5_r (3rd copy).jpg;0
451;images/SK_MRS_1349_4_r.jpg;images/SK_MRS_1349_5_r (5th copy).jpg;1
452;images/SK_MRS_1349_5_r (4th copy).jpg;images/SK_MRS_1349_5_r (another copy).jpg;0
453;images/SK_MRS_1349_5_r (copy).jpg;images/SK_MRS_1349_5_r.jpg;1
454;images/SK_MRS_1349_3_r.jpg;images/SK_MRS_1349_7_r (4th copy).jpg;1
455;images/SK_MRS_1349_7_r (copy).jpg;images/SK_MRS_1349_5_r (another copy).jpg;0
456;images/SK_MRS_1349_8_r (3rd copy).jpg;images/SK_MRS_1349_8_r (6th copy).jpg;0
457;images/SK_MRS_1349_8_r (3rd copy).jpg;images/SK_MRS_1349_8_r.jpg;1
458;images/SK_MRS_1349_8_r (4th copy).jpg;images/SK_MRS_1349_8_r (copy).jpg;1
459;images/SK_MRS_1349_9_r (6th copy).jpg;images/SK_MRS_1349_10_r (5th copy).jpg;1
460;images/SK_MRS_1349_10_r (6th copy).jpg;images/SK_MRS_1349_10_r (5th copy).jpg;0
461;images/SK_MRS_1349_10_r (4th copy).jpg;images/SK_MRS_1349_11_r (another copy).jpg;0
462;images/SK_MRS_1349_12_r (copy).jpg;images/SK_MRS_1349_12_r.jpg;0
463;images/SK_MRS_1350_1_r.jpg;images/SK_MRS_1350_4_r.jpg;1
464;images/SK_MRS_1350_1_r.jpg;images/SK_MRS_1350_2_r.jpg;0
465;images/SK_MRS_1350_4_r.jpg;images/SK_MRS_1350_2_r.jpg;0
466;images/SK_MRS_1350_3_r.jpg;images/SK_MRS_1350_2_r.jpg;0
467;images/SK_MRS_1350_8_r.jpg;images/SK_MRS_1349_3_r (5th copy).jpg;1
468;images/SK_MRS_1350_9_r.jpg;images/SK_MRS_1350_10_r.jpg;1
469;images/SK_MRS_1350_9_r.jpg;images/SK_MRS_1350_11_r.jpg;1
470;images/SK_MRS_1350_10_r.jpg;images/SK_MRS_1350_11_r.jpg;1
471;images/SK_MRS_1350_12_r.jpg;images/SK_MRS_1350_15_r.jpg;1
472;images/SK_MRS_1350_13_r.jpg;images/SK_MRS_1350_14_r.jpg;1
473;images/SK_MRS_1350_17_r.jpg;images/SK_MRS_1349_7_r (4th copy).jpg;1
474;images/SK_MRS_1349_3_r.jpg;images/SK_MRS_1350_17_r.jpg;1
475;images/SK_MRS_1350_18_r.jpg;images/SK_MRS_1350_23_r.jpg;0
476;images/SK_MRS_1350_19_r.jpg;images/SK_MRS_1350_20_r.jpg;0
477;images/SK_MRS_1350_12_r.jpg;images/SK_MRS_1350_32_r.jpg;0
478;images/SK_MRS_1350_28_r.jpg;images/SK_MRS_1350_29_r.jpg;0
479;images/SK_MRS_1351_1_r.jpg;images/SK_MRS_1351_2_r.jpg;1
480;images/SK_MRS_1352_1_r.jpg;images/SK_MRS_1352_13_r.jpg;0
481;images/SK_MRS_1352_2_r.jpg;images/SK_MRS_1349_2_r (3rd copy).jpg;1
482;images/SK_MRS_1352_2_r.jpg;images/SK_MRS_1349_2_r (7th copy).jpg;1
483;images/SK_MRS_1352_1_r.jpg;images/SK_MRS_1349_2_r (6th copy).jpg;1
484;images/SK_MRS_1352_1_r.jpg;images/SK_MRS_1349_2_r.jpg;1
485;images/SK_MRS_1352_8_r.jpg;images/SK_MRS_1349_1_r (4th copy).jpg;1
486;images/SK_MRS_1352_9_r.jpg;images/SK_MRS_1349_2_r (another copy).jpg;0
487;images/SK_MRS_1352_2_r.jpg;images/SK_MRS_1352_11_r.jpg;0
488;images/SK_MRS_1352_9_r.jpg;images/SK_MRS_1352_10_r.jpg;0
489;images/SK_MRS_1352_3_r.jpg;images/SK_MRS_1352_14_r.jpg;0
490;images/SK_MRS_1352_3_r.jpg;images/SK_MRS_1352_15_r.jpg;0
491;images/SK_MRS_1352_15_r.jpg;images/SK_MRS_1352_14_r.jpg;0
492;images/SK_MRS_1352_15_r.jpg;images/SK_MRS_1352_19_r.jpg;0
493;images/SK_MRS_1352_17_r.jpg;images/SK_MRS_1352_19_r.jpg;0
494;images/SK_MRS_1352_7_r.jpg;images/SK_MRS_1352_8_r.jpg;0
495;images/SK_MRS_1353_1a_r.jpg;images/SK_MRS_1353_2a_r.jpg;0
496;images/SK_MRS_1353_3a_r.jpg;images/SK_MRS_1353_4a_r.jpg;0
497;images/SK_MRS_1353_6a_r.jpg;images/SK_MRS_1353_2a_r.jpg;0
498;images/SK_MRS_1353_4_r.jpg;images/SK_MRS_1353_5_r.jpg;0
499;images/SK_MRS_1353_8_r.jpg;images/SK_MRS_1353_9_r.jpg;0
500;images/SK_MRS_1353_5a_r.jpg;images/SK_MRS_1353_7a_r.jpg;0
501;images/SK_MRS_1353_11_r.jpg;images/SK_MRS_1353_12_r.jpg;0
502;images/SK_MRS_1353_10_r.jpg;images/SK_MRS_1353_17_r.jpg;0
503;images/SK_MRS_1353_11_r.jpg;images/SK_MRS_1353_15_r.jpg;0
504;images/SK_MRS_1353_12_r.jpg;images/SK_MRS_1353_18_r.jpg;0
505;images/SK_MRS_1353_16_r.jpg;images/SK_MRS_1353_17_r.jpg;0
506;images/SK_MRS_1353_20_r.jpg;images/SK_MRS_1353_21_r.jpg;0
507;images/SK_MRS_1353_22_r.jpg;images/SK_MRS_1353_29_r.jpg;0
508;images/SK_MRS_1352_3_r.jpg;images/SK_MRS_1352_19_r.jpg;1
509;images/SK_MRS_1352_5_r.jpg;images/SK_MRS_1352_16_r.jpg;1
510;images/SK_MRS_1352_15_r.jpg;images/SK_MRS_1352_17_r.jpg;1
511;images/SK_MRS_1352_14_r.jpg;images/SK_MRS_1352_18_r.jpg;1
512;images/SK_MRS_1353_3_r.jpg;images/SK_MRS_1353_6_r.jpg;1
513;images/SK_MRS_1353_11_r.jpg;images/SK_MRS_1353_18_r.jpg;1
514;images/SK_MRS_1353_19_r.jpg;images/SK_MRS_1353_20_r.jpg;1
515;images/SK_MRS_1353_22_r.jpg;images/SK_MRS_1353_23_r.jpg;1
516;images/SK_MRS_1353_25_r.jpg;images/SK_MRS_1353_29_r.jpg;1
517;images/SK_MRS_1353_30_r.jpg;images/SK_MRS_1353_29_r.jpg;0
518;images/SK_MRS_1353_27_r.jpg;images/SK_MRS_1353_28_r.jpg;0
519;images/SK_MRS_1353_31_r.jpg;images/SK_MRS_1353_32_r.jpg;0
520;images/SK_MRS_1353_32_r.jpg;images/SK_MRS_1353_34_r.jpg;0
521;images/SK_MRS_1353_36_r.jpg;images/SK_MRS_1353_37_r.jpg;0
522;images/SK_MRS_1353_35_r.jpg;images/SK_MRS_1353_37_r.jpg;0
523;images/SK_MRS_1353_48_r.jpg;images/SK_MRS_1353_49_r.jpg;0
524;images/SK_MRS_1353_44_r.jpg;images/SK_MRS_1353_45_r.jpg;0
525;images/SK_MRS_1353_53_r.jpg;images/SK_MRS_1353_54_r.jpg;0
526;images/SK_MRS_1353_57_r.jpg;images/SK_MRS_1353_58_r.jpg;0
527;images/SK_MRS_1353_63_r.jpg;images/SK_MRS_1353_64_r.jpg;0
528;images/SK_MRS_1353_67_r.jpg;images/SK_MRS_1353_1_r.jpg;1
529;images/SK_MRS_1353_68_r.jpg;images/SK_MRS_1353_2_r.jpg;1
530;images/SK_MRS_1353_71_r.jpg;images/SK_MRS_1353_11_r.jpg;1
531;images/SK_MRS_1353_71_r.jpg;images/SK_MRS_1353_18_r.jpg;1
532;images/SK_MRS_1353_11_r.jpg;images/SK_MRS_1353_18_r.jpg;1
533;images/SK_MRS_1353_69_r.jpg;images/SK_MRS_1353_17_r.jpg;1
534;images/SK_MRS_1353_75_r.jpg;images/SK_MRS_1353_15_r.jpg;1
535;images/SK_MRS_1353_86_r.jpg;images/SK_MRS_1353_12_r.jpg;1
536;images/SK_MRS_1353_87_r.jpg;images/SK_MRS_1353_12_r.jpg;1
537;images/SK_MRS_1353_87_r.jpg;images/SK_MRS_1353_86_r.jpg;1
538;images/SK_MRS_1353_77_r.jpg;images/SK_MRS_1353_2a_r.jpg;0
539;images/SK_MRS_1353_81_r.jpg;images/SK_MRS_1353_85_r.jpg;0
540;images/SK_MRS_1353_88_r.jpg;images/SK_MRS_1353_3a_r.jpg;0
541;images/SK_MRS_1353_90_r.jpg;images/SK_MRS_1353_4_r.jpg;1
542;images/SK_MRS_1353_91_r.jpg;images/SK_MRS_1353_6_r.jpg;1
543;images/SK_MRS_1353_82_r.jpg;images/SK_MRS_1353_83_r.jpg;0
544;images/SK_MRS_1353_97_r.jpg;images/SK_MRS_1353_98_r.jpg;0
545;images/SK_MRS_1353_99_r.jpg;images/SK_MRS_1353_100_r.jpg;0
546;images/SK_MRS_1353_8_r.jpg;images/SK_MRS_1353_109_r.jpg;0
547;images/SK_MRS_1353_9_r.jpg;images/SK_MRS_1353_110_r.jpg;0
548;images/SK_MRS_1353_10_r.jpg;images/SK_MRS_1353_108_r.jpg;1
549;images/SK_MRS_1353_111_r.jpg;images/SK_MRS_1353_112_r.jpg;0
550;images/SK_MRS_1353_113_r.jpg;images/SK_MRS_1353_114_r.jpg;0
551;images/SK_MRS_1353_114_r.jpg;images/SK_MRS_1349_10_r (3rd copy).jpg;1
552;images/SK_MRS_1353_121_r.jpg;images/SK_MRS_1349_9_r (copy).jpg;1
553;images/SK_MRS_1353_120_r.jpg;images/SK_MRS_1349_10_r (5th copy).jpg;1
554;images/SK_MRS_1353_124_r.jpg;images/SK_MRS_1349_9_r (another copy).jpg;1
555;images/SK_MRS_1353_123_r.jpg;images/SK_MRS_1349_10_r (6th copy).jpg;1
556;images/SK_MRS_1353_78_r.jpg;images/SK_MRS_1349_10_r (4th copy).jpg;1
557;images/SK_MRS_1353_100_r.jpg;images/SK_MRS_1349_9_r (7th copy).jpg;1
558;images/SK_MRS_1353_94_r.jpg;images/SK_MRS_1349_8_r (copy).jpg;1
559;images/SK_MRS_1354_3_r.jpg;images/SK_MRS_1354_4_r.jpg;1
560;images/SK_MRS_1356_1_r.jpg;images/SK_MRS_1356_2_r.jpg;0
561;images/SK_MRS_1356_3_r.jpg;images/SK_MRS_1356_2_r.jpg;1
562;images/SK_MRS_1356_5_r.jpg;images/SK_MRS_1356_6_r.jpg;1
563;images/SK_MRS_1356_7_r.jpg;images/SK_MRS_1356_6_r.jpg;0
564;images/SK_MRS_1356_8_r.jpg;images/SK_MRS_1356_6_r.jpg;0
565;images/SK_MRS_1356_8_r.jpg;images/SK_MRS_1356_5_r.jpg;0
566;images/SK_MRS_1356_8_r.jpg;images/SK_MRS_1356_7_r.jpg;0
567;images/SK_MRS_1356_5_r.jpg;images/SK_MRS_1356_9_r.jpg;1
568;images/SK_MRS_1356_6_r.jpg;images/SK_MRS_1356_9_r.jpg;1
569;images/SK_MRS_1356_10_r.jpg;images/SK_MRS_1356_11_r.jpg;1
570;images/SK_MRS_1356_9_r.jpg;images/SK_MRS_1356_12_r.jpg;0
571;images/SK_MRS_1356_11_r.jpg;images/SK_MRS_1356_13_r.jpg;0
572;images/SK_MRS_1356_4_r.jpg;images/SK_MRS_1356_16_r.jpg;0
573;images/SK_MRS_1356_20_r.jpg;images/SK_MRS_1356_21_r.jpg;0
574;images/SK_MRS_1356_18_r.jpg;images/SK_MRS_1356_19_r.jpg;0
575;images/SK_MRS_1356_20_r.jpg;images/SK_MRS_1356_22_r.jpg;0
576;images/SK_MRS_1356_21_r.jpg;images/SK_MRS_1356_27_r.jpg;0
577;images/SK_MRS_1356_31_r.jpg;images/SK_MRS_1356_32_r.jpg;0
578;images/SK_MRS_1356_33_r.jpg;images/SK_MRS_1347_11_r.jpg;1
579;images/SK_MRS_1356_35_r.jpg;images/SK_MRS_1356_36_r.jpg;0
580;images/SK_MRS_1356_38_r.jpg;images/SK_MRS_1356_43_r.jpg;0
581;images/SK_MRS_1356_44_r.jpg;images/SK_MRS_1356_45_r.jpg;0
582;images/SK_MRS_1356_46_r.jpg;images/SK_MRS_1356_47_r.jpg;0
583;images/SK_MRS_1356_47_r.jpg;images/SK_MRS_1356_50_r.jpg;1
584;images/SK_MRS_1356_51_r.jpg;images/SK_MRS_1356_16_r.jpg;0
585;images/SK_MRS_1356_51_r.jpg;images/SK_MRS_1356_52_r.jpg;0
586;images/SK_MRS_1356_54_r.jpg;images/SK_MRS_1356_55_r.jpg;1
587;images/SK_MRS_1356_60_r.jpg;images/SK_MRS_1356_64_r.jpg;0
588;images/SK_MRS_1356_66_r.jpg;images/SK_MRS_1356_67_r.jpg;1
589;images/SK_MRS_1356_68_r.jpg;images/SK_MRS_1356_69_r.jpg;0
590;images/SK_MRS_1356_70_r.jpg;images/SK_MRS_1356_73_r.jpg;0
591;images/SK_MRS_1356_71_r.jpg;images/SK_MRS_1356_75_r.jpg;0
592;images/SK_MRS_1356_76_r.jpg;images/SK_MRS_1356_78_r.jpg;0
593;images/SK_MRS_1357_2_r.jpg;images/SK_MRS_1357_3_r.jpg;0
594;images/SK_MRS_1357_5_r.jpg;images/SK_MRS_1357_6_r.jpg;0
595;images/SK_MRS_1357_11_r-1.jpg;images/SK_MRS_1357_11_r-2.jpg;0
596;images/SK_MRS_1357_11_v-1.jpg;images/SK_MRS_1357_11_v-2.jpg;0
597;images/SK_MRS_1358_A1_r.jpg;images/SK_MRS_1358_A2_r.jpg;1
598;images/SK_MRS_1358_A1_r.jpg;images/SK_MRS_1358_A3_r.jpg;1
599;images/SK_MRS_1358_A1_r.jpg;images/SK_MRS_1358_A4_r.jpg;1
600;images/SK_MRS_1358_A2_r.jpg;images/SK_MRS_1358_A3_r.jpg;1
601;images/SK_MRS_1358_A2_r.jpg;images/SK_MRS_1358_A4_r.jpg;1
602;images/SK_MRS_1358_A3_r.jpg;images/SK_MRS_1358_A4_r.jpg;1
603;images/SK_MRS_1358_A5_r.jpg;images/SK_MRS_1358_A6_r.jpg;0
604;images/SK_MRS_1358_A5_r.jpg;images/SK_MRS_1358_A7_r.jpg;0
605;images/SK_MRS_1358_A5_r.jpg;images/SK_MRS_1358_A8_r.jpg;0
606;images/SK_MRS_1358_A5_r.jpg;images/SK_MRS_1358_A9_r.jpg;0
607;images/SK_MRS_1358_A5_r.jpg;images/SK_MRS_1358_A10_r.jpg;0
608;images/SK_MRS_1358_A5_r.jpg;images/SK_MRS_1358_A11_r.jpg;0
609;images/SK_MRS_1358_A5_r.jpg;images/SK_MRS_1358_A12_r.jpg;0
610;images/SK_MRS_1358_A5_r.jpg;images/SK_MRS_1358_A13_r.jpg;0
611;images/SK_MRS_1358_A5_r.jpg;images/SK_MRS_1358_A14_r.jpg;0
612;images/SK_MRS_1358_A5_r.jpg;images/SK_MRS_1358_A15_r.jpg;0
613;images/SK_MRS_1358_A6_r.jpg;images/SK_MRS_1358_A7_r.jpg;1
614;images/SK_MRS_1358_A6_r.jpg;images/SK_MRS_1358_A8_r.jpg;1
615;images/SK_MRS_1358_A6_r.jpg;images/SK_MRS_1358_A9_r.jpg;1
616;images/SK_MRS_1358_A6_r.jpg;images/SK_MRS_1358_A10_r.jpg;1
617;images/SK_MRS_1358_A6_r.jpg;images/SK_MRS_1358_A11_r.jpg;1
618;images/SK_MRS_1358_A6_r.jpg;images/SK_MRS_1358_A12_r.jpg;1
619;images/SK_MRS_1358_A6_r.jpg;images/SK_MRS_1358_A13_r.jpg;1
620;images/SK_MRS_1358_A6_r.jpg;images/SK_MRS_1358_A14_r.jpg;1
621;images/SK_MRS_1358_A6_r.jpg;images/SK_MRS_1358_A15_r.jpg;1
622;images/SK_MRS_1358_A7_r.jpg;images/SK_MRS_1358_A8_r.jpg;1
623;images/SK_MRS_1358_A7_r.jpg;images/SK_MRS_1358_A9_r.jpg;1
624;images/SK_MRS_1358_A7_r.jpg;images/SK_MRS_1358_A10_r.jpg;1
625;images/SK_MRS_1358_A7_r.jpg;images/SK_MRS_1358_A11_r.jpg;1
626;images/SK_MRS_1358_A7_r.jpg;images/SK_MRS_1358_A12_r.jpg;1
627;images/SK_MRS_1358_A7_r.jpg;images/SK_MRS_1358_A13_r.jpg;1
628;images/SK_MRS_1358_A7_r.jpg;images/SK_MRS_1358_A14_r.jpg;1
629;images/SK_MRS_1358_A8_r.jpg;images/SK_MRS_1358_A15_r.jpg;1
630;images/SK_MRS_1358_A8_r.jpg;images/SK_MRS_1358_A9_r.jpg;1
631;images/SK_MRS_1358_A8_r.jpg;images/SK_MRS_1358_A10_r.jpg;1
632;images/SK_MRS_1358_A8_r.jpg;images/SK_MRS_1358_A11_r.jpg;1
633;images/SK_MRS_1358_A8_r.jpg;images/SK_MRS_1358_A12_r.jpg;1
634;images/SK_MRS_1358_A8_r.jpg;images/SK_MRS_1358_A13_r.jpg;1
635;images/SK_MRS_1358_A8_r.jpg;images/SK_MRS_1358_A14_r.jpg;1
636;images/SK_MRS_1358_A8_r.jpg;images/SK_MRS_1358_A15_r.jpg;1
637;images/SK_MRS_1358_A9_r.jpg;images/SK_MRS_1358_A10_r.jpg;1
638;images/SK_MRS_1358_A9_r.jpg;images/SK_MRS_1358_A11_r.jpg;1
639;images/SK_MRS_1358_A9_r.jpg;images/SK_MRS_1358_A12_r.jpg;1
640;images/SK_MRS_1358_A9_r.jpg;images/SK_MRS_1358_A13_r.jpg;1
641;images/SK_MRS_1358_A9_r.jpg;images/SK_MRS_1358_A14_r.jpg;1
642;images/SK_MRS_1358_A9_r.jpg;images/SK_MRS_1358_A15_r.jpg;1
643;images/SK_MRS_1358_A10_r.jpg;images/SK_MRS_1358_A11_r.jpg;1
644;images/SK_MRS_1358_A10_r.jpg;images/SK_MRS_1358_A12_r.jpg;1
645;images/SK_MRS_1358_A10_r.jpg;images/SK_MRS_1358_A13_r.jpg;1
646;images/SK_MRS_1358_A10_r.jpg;images/SK_MRS_1358_A14_r.jpg;1
647;images/SK_MRS_1358_A10_r.jpg;images/SK_MRS_1358_A15_r.jpg;1
648;images/SK_MRS_1358_A11_r.jpg;images/SK_MRS_1358_A12_r.jpg;1
649;images/SK_MRS_1358_A11_r.jpg;images/SK_MRS_1358_A13_r.jpg;1
650;images/SK_MRS_1358_A11_r.jpg;images/SK_MRS_1358_A14_r.jpg;1
651;images/SK_MRS_1358_A11_r.jpg;images/SK_MRS_1358_A15_r.jpg;1
652;images/SK_MRS_1358_A12_r.jpg;images/SK_MRS_1358_A13_r.jpg;1
653;images/SK_MRS_1358_A12_r.jpg;images/SK_MRS_1358_A14_r.jpg;1
654;images/SK_MRS_1358_A12_r.jpg;images/SK_MRS_1358_A15_r.jpg;1
655;images/SK_MRS_1358_A13_r.jpg;images/SK_MRS_1358_A14_r.jpg;1
656;images/SK_MRS_1358_A13_r.jpg;images/SK_MRS_1358_A15_r.jpg;1
657;images/SK_MRS_1358_A14_r.jpg;images/SK_MRS_1358_A15_r.jpg;1
658;images/SK_MRS_1358_A23_r.jpg;images/SK_MRS_1358_A15_r.jpg;1
659;images/SK_MRS_1358_A16_r.jpg;images/SK_MRS_1358_A17_r.jpg;1
660;images/SK_MRS_1358_A16_r.jpg;images/SK_MRS_1358_A18_r.jpg;1
661;images/SK_MRS_1358_A16_r.jpg;images/SK_MRS_1358_A24_r.jpg;1
662;images/SK_MRS_1358_A17_r.jpg;images/SK_MRS_1358_A18_r.jpg;1
663;images/SK_MRS_1358_A17_r.jpg;images/SK_MRS_1358_A24_r.jpg;1
664;images/SK_MRS_1358_A18_r.jpg;images/SK_MRS_1358_A24_r.jpg;1
665;images/SK_MRS_1358_A19_r.jpg;images/SK_MRS_1358_A20_r.jpg;1
666;images/SK_MRS_1358_A19_r.jpg;images/SK_MRS_1358_A21_r.jpg;1
667;images/SK_MRS_1358_A20_r.jpg;images/SK_MRS_1358_A21_r.jpg;1
668;images/SK_MRS_1358_A19_r.jpg;images/SK_MRS_1358_A1_r.jpg;1
669;images/SK_MRS_1358_A19_r.jpg;images/SK_MRS_1358_A2_r.jpg;1
670;images/SK_MRS_1358_A19_r.jpg;images/SK_MRS_1358_A3_r.jpg;1
671;images/SK_MRS_1358_A19_r.jpg;images/SK_MRS_1358_A4_r.jpg;1
672;images/SK_MRS_1358_A20_r.jpg;images/SK_MRS_1358_A1_r.jpg;1
673;images/SK_MRS_1358_A20_r.jpg;images/SK_MRS_1358_A2_r.jpg;1
674;images/SK_MRS_1358_A20_r.jpg;images/SK_MRS_1358_A3_r.jpg;1
675;images/SK_MRS_1358_A20_r.jpg;images/SK_MRS_1358_A4_r.jpg;1
676;images/SK_MRS_1358_A21_r.jpg;images/SK_MRS_1358_A1_r.jpg;1
677;images/SK_MRS_1358_A21_r.jpg;images/SK_MRS_1358_A2_r.jpg;1
678;images/SK_MRS_1358_A21_r.jpg;images/SK_MRS_1358_A3_r.jpg;1
679;images/SK_MRS_1358_A21_r.jpg;images/SK_MRS_1358_A4_r.jpg;1
680;images/SK_MRS_1358_A5_r.jpg;images/SK_MRS_1358_A23_r.jpg;0
681;images/SK_MRS_1358_A24_r.jpg;images/SK_MRS_1358_A23_r.jpg;0
682;images/SK_MRS_1358_A25_r.jpg;images/SK_MRS_1358_A26_r.jpg;0
683;images/SK_MRS_1358_B1_r.jpg;images/SK_MRS_1358_B2_r.jpg;0
684;images/SK_MRS_1358_A22_r.jpg;images/SK_MRS_1358_B2_r.jpg;0
685;images/SK_MRS_1358_B2_r.jpg;images/SK_MRS_1358_B3_r.jpg;1
686;images/SK_MRS_1358_B4_r (3rd copy).jpg;images/SK_MRS_1358_B4_r (4th copy).jpg;1
687;images/SK_MRS_1358_B4_r (5th copy).jpg;images/SK_MRS_1358_B4_r (6th copy).jpg;1
688;images/SK_MRS_1358_B4_r (7th copy).jpg;images/SK_MRS_1358_B4_r (8th copy).jpg;1
689;images/SK_MRS_1358_B4_r (another copy).jpg;images/SK_MRS_1358_B4_r (copy).jpg;1
690;images/SK_MRS_1358_B2_r.jpg;images/SK_MRS_1358_B4_r (7th copy).jpg;0
691;images/SK_MRS_1358_B3_r.jpg;images/SK_MRS_1358_B4_r (8th copy).jpg;0
692;images/SK_MRS_1358_B4_r (7th copy).jpg;images/SK_MRS_1358_B4_r (another copy).jpg;0
693;images/SK_MRS_1358_B4_r (8th copy).jpg;images/SK_MRS_1358_B4_r (copy).jpg;0
694;images/SK_MRS_1358_B4_r (7th copy).jpg;images/SK_MRS_1358_B4_r (copy).jpg;0
695;images/SK_MRS_1358_B4_r (8th copy).jpg;images/SK_MRS_1358_B4_r (another copy).jpg;0
696;images/SK_MRS_1358_C1_r.jpg;images/SK_MRS_1358_D1_r.jpg;0
697;images/SK_MRS_1358_C3_r.jpg;images/SK_MRS_1358_C4_r.jpg;0
698;images/SK_MRS_1358_E1_r.jpg;images/SK_MRS_1358_A5_r.jpg;0
699;images/SK_MRS_1358_E2_r.jpg;images/SK_MRS_1358_E2_r (another copy).jpg;1
700;images/SK_MRS_1358_E2_r (another copy).jpg;images/SK_MRS_1358_E2_r (copy).jpg;0
701;images/SK_MRS_1358_E3_r (3rd copy).jpg;images/SK_MRS_1358_E3_r (another copy).jpg;1
702;images/SK_MRS_1358_E4_r (3rd copy).jpg;images/SK_MRS_1358_E4_r (another copy).jpg;1
703;images/SK_MRS_1358_E3_r (copy).jpg;images/SK_MRS_1358_E4_r (copy).jpg;0
704;images/SK_MRS_1358_E5_r (3rd copy).jpg;images/SK_MRS_1358_E5_r (another copy).jpg;1
705;images/SK_MRS_1358_E2_r (copy).jpg;images/SK_MRS_1358_E5_r (copy).jpg;1
706;images/SK_MRS_1358_E6_r (3rd copy).jpg;images/SK_MRS_1358_E6_r (another copy).jpg;1
707;images/SK_MRS_1358_E6_r (copy).jpg;images/SK_MRS_1358_E4_r (3rd copy).jpg;1
708;images/SK_MRS_1358_E6_r (copy).jpg;images/SK_MRS_1358_E4_r (another copy).jpg;1
709;images/SK_MRS_1358_E7_r (copy).jpg;images/SK_MRS_1358_E4_r (copy).jpg;1
710;images/SK_MRS_1358_E7_r (copy).jpg;images/SK_MRS_1358_E8_r.jpg;1
711;images/SK_MRS_1358_E4_r (copy).jpg;images/SK_MRS_1358_E8_r.jpg;1
712;images/SK_MRS_1358_E9_r.jpg;images/SK_MRS_1358_E10_r.jpg;1
713;images/SK_MRS_1358_E11_r.jpg;images/SK_MRS_1358_E1_r.jpg;0
714;images/SK_MRS_1358_E12_r.jpg;images/SK_MRS_1358_B4_r (3rd copy).jpg;1
715;images/SK_MRS_1358_E12_r.jpg;images/SK_MRS_1358_B4_r (4th copy).jpg;1
716;images/SK_MRS_1358_E12_r.jpg;images/SK_MRS_1358_E17_r.jpg;1
717;images/SK_MRS_1358_E14_r.jpg;images/SK_MRS_1358_E18_r.jpg;0
718;images/SK_MRS_1358_E15_r.jpg;images/SK_MRS_1358_E16_r.jpg;1
719;images/SK_MRS_1358_E15_r.jpg;images/SK_MRS_1358_E5_r (copy).jpg;1
720;images/SK_MRS_1358_E16_r.jpg;images/SK_MRS_1358_E5_r (copy).jpg;1
721;images/SK_MRS_1358_E18_r.jpg;images/SK_MRS_1358_E21_r.jpg;0
722;images/SK_MRS_1358_E19_r.jpg;images/SK_MRS_1358_E20_r.jpg;0
723;images/SK_MRS_1358_E21_r.jpg;images/SK_MRS_1358_E20_r.jpg;0
724;images/SK_MRS_1358_E19_r.jpg;images/SK_MRS_1358_E21_r.jpg;0
725;images/SK_MRS_1358_E22_r.jpg;images/SK_MRS_1358_E23_r.jpg;1
726;images/SK_MRS_1358_E22_r.jpg;images/SK_MRS_1358_E24_r.jpg;1
727;images/SK_MRS_1358_E22_r.jpg;images/SK_MRS_1358_E25_r.jpg;1
728;images/SK_MRS_1358_E22_r.jpg;images/SK_MRS_1358_E26_r.jpg;1
729;images/SK_MRS_1358_E22_r.jpg;images/SK_MRS_1358_E27_r.jpg;1
730;images/SK_MRS_1358_E22_r.jpg;images/SK_MRS_1358_E28_r.jpg;1
731;images/SK_MRS_1358_E23_r.jpg;images/SK_MRS_1358_E24_r.jpg;1
732;images/SK_MRS_1358_E23_r.jpg;images/SK_MRS_1358_E25_r.jpg;1
733;images/SK_MRS_1358_E23_r.jpg;images/SK_MRS_1358_E26_r.jpg;1
734;images/SK_MRS_1358_E23_r.jpg;images/SK_MRS_1358_E27_r.jpg;1
735;images/SK_MRS_1358_E23_r.jpg;images/SK_MRS_1358_E28_r.jpg;1
736;images/SK_MRS_1358_E24_r.jpg;images/SK_MRS_1358_E25_r.jpg;1
737;images/SK_MRS_1358_E24_r.jpg;images/SK_MRS_1358_E26_r.jpg;1
738;images/SK_MRS_1358_E24_r.jpg;images/SK_MRS_1358_E27_r.jpg;1
739;images/SK_MRS_1358_E24_r.jpg;images/SK_MRS_1358_E28_r.jpg;1
740;images/SK_MRS_1358_E25_r.jpg;images/SK_MRS_1358_E26_r.jpg;1
741;images/SK_MRS_1358_E25_r.jpg;images/SK_MRS_1358_E27_r.jpg;1
742;images/SK_MRS_1358_E25_r.jpg;images/SK_MRS_1358_E28_r.jpg;1
743;images/SK_MRS_1358_E26_r.jpg;images/SK_MRS_1358_E27_r.jpg;1
744;images/SK_MRS_1358_E26_r.jpg;images/SK_MRS_1358_E28_r.jpg;1
745;images/SK_MRS_1358_E27_r.jpg;images/SK_MRS_1358_E28_r.jpg;1
746;images/SK_MRS_1358_E29_r.jpg;images/SK_MRS_1358_E31_r.jpg;1
747;images/SK_MRS_1358_E29_r.jpg;images/SK_MRS_1358_E33_r.jpg;1
748;images/SK_MRS_1358_E31_r.jpg;images/SK_MRS_1358_E33_r.jpg;1
749;images/SK_MRS_1358_E30_r.jpg;images/SK_MRS_1358_E35_r.jpg;1
750;images/SK_MRS_1358_E32_r.jpg;images/SK_MRS_1358_E34_r.jpg;1
751;images/SK_MRS_1358_E32_r.jpg;images/SK_MRS_1358_E36_r.jpg;1
752;images/SK_MRS_1358_E34_r.jpg;images/SK_MRS_1358_E36_r.jpg;1
753;images/SK_MRS_1359_1_r.jpg;images/SK_MRS_1359_2_r.jpg;0
754;images/SK_MRS_1359_3_r.jpg;images/SK_MRS_1359_5_r.jpg;0
755;images/SK_MRS_1359_4_r.jpg;images/SK_MRS_1359_5_r.jpg;0
756;images/SK_MRS_1361_1_r.jpg;images/SK_MRS_1361_2_r.jpg;1
757;images/SK_MRS_1361_1_r.jpg;images/SK_MRS_1361_4_r.jpg;0
758;images/SK_MRS_1361_2_r.jpg;images/SK_MRS_1361_4_r.jpg;0
759;images/SK_MRS_1361_3_r.jpg;images/SK_MRS_1361_4_r.jpg;0
760;images/SK_MRS_1359_3_r.jpg;images/SK_MRS_1361_5_r.jpg;0
761;images/SK_MRS_1362_1_r.jpg;images/SK_MRS_1362_2_r.jpg;0
762;images/SK_MRS_1362_3_r.jpg;images/SK_MRS_1362_3_v.jpg;0
763;images/SK_MRS_1363_A1_01.jpg;images/SK_MRS_1363_A1_02.jpg;0
764;images/SK_MRS_1363_A1_01.jpg;images/SK_MRS_1363_A1_03.jpg;0
765;images/SK_MRS_1363_A1_01.jpg;images/SK_MRS_1363_A1_04.jpg;0
766;images/SK_MRS_1363_A1_01.jpg;images/SK_MRS_1363_A1_05.jpg;0
767;images/SK_MRS_1363_A1_01.jpg;images/SK_MRS_1363_A1_06.jpg;0
768;images/SK_MRS_1363_A1_01.jpg;images/SK_MRS_1363_A1_07.jpg;0
769;images/SK_MRS_1363_A1_01.jpg;images/SK_MRS_1363_A1_08.jpg;0
770;images/SK_MRS_1363_A1_01.jpg;images/SK_MRS_1363_A1_09.jpg;0
771;images/SK_MRS_1363_A1_01.jpg;images/SK_MRS_1363_A1_10.jpg;0
772;images/SK_MRS_1363_A1_01.jpg;images/SK_MRS_1363_B1_01.jpg;0
773;images/SK_MRS_1363_A1_01.jpg;images/SK_MRS_1363_B1_02.jpg;0
774;images/SK_MRS_1363_A1_01.jpg;images/SK_MRS_1363_B1_03.jpg;0
775;images/SK_MRS_1363_A1_01.jpg;images/SK_MRS_1363_B1_04.jpg;0
776;images/SK_MRS_1363_A1_01.jpg;images/SK_MRS_1363_B1_05.jpg;0
777;images/SK_MRS_1363_A1_01.jpg;images/SK_MRS_1363_B1_06.jpg;0
778;images/SK_MRS_1363_A1_01.jpg;images/SK_MRS_1363_B1_07.jpg;0
779;images/SK_MRS_1363_A1_01.jpg;images/SK_MRS_1363_B1_08.jpg;0
780;images/SK_MRS_1363_A1_01.jpg;images/SK_MRS_1363_B1_09.jpg;0
781;images/SK_MRS_1363_A1_01.jpg;images/SK_MRS_1363_B1_10.jpg;0
782;images/SK_MRS_1363_A1_02.jpg;images/SK_MRS_1363_A1_03.jpg;0
783;images/SK_MRS_1363_A1_02.jpg;images/SK_MRS_1363_A1_04.jpg;0
784;images/SK_MRS_1363_A1_02.jpg;images/SK_MRS_1363_A1_05.jpg;0
785;images/SK_MRS_1363_A1_02.jpg;images/SK_MRS_1363_A1_06.jpg;0
786;images/SK_MRS_1363_A1_02.jpg;images/SK_MRS_1363_A1_07.jpg;0
787;images/SK_MRS_1363_A1_02.jpg;images/SK_MRS_1363_A1_08.jpg;0
788;images/SK_MRS_1363_A1_02.jpg;images/SK_MRS_1363_A1_09.jpg;0
789;images/SK_MRS_1363_A1_02.jpg;images/SK_MRS_1363_A1_10.jpg;0
790;images/SK_MRS_1363_A1_02.jpg;images/SK_MRS_1363_B1_01.jpg;0
791;images/SK_MRS_1363_A1_02.jpg;images/SK_MRS_1363_B1_02.jpg;0
792;images/SK_MRS_1363_A1_02.jpg;images/SK_MRS_1363_B1_03.jpg;0
793;images/SK_MRS_1363_A1_02.jpg;images/SK_MRS_1363_B1_04.jpg;0
794;images/SK_MRS_1363_A1_02.jpg;images/SK_MRS_1363_B1_05.jpg;0
795;images/SK_MRS_1363_A1_02.jpg;images/SK_MRS_1363_B1_06.jpg;0
796;images/SK_MRS_1363_A1_02.jpg;images/SK_MRS_1363_B1_07.jpg;0
797;images/SK_MRS_1363_A1_02.jpg;images/SK_MRS_1363_B1_08.jpg;0
798;images/SK_MRS_1363_A1_02.jpg;images/SK_MRS_1363_B1_09.jpg;0
799;images/SK_MRS_1363_A1_02.jpg;images/SK_MRS_1363_B1_10.jpg;0
800;images/SK_MRS_1363_A1_03.jpg;images/SK_MRS_1363_A1_04.jpg;0
801;images/SK_MRS_1363_A1_03.jpg;images/SK_MRS_1363_A1_05.jpg;0
802;images/SK_MRS_1363_A1_03.jpg;images/SK_MRS_1363_A1_06.jpg;0
803;images/SK_MRS_1363_A1_03.jpg;images/SK_MRS_1363_A1_07.jpg;0
804;images/SK_MRS_1363_A1_03.jpg;images/SK_MRS_1363_A1_08.jpg;0
805;images/SK_MRS_1363_A1_03.jpg;images/SK_MRS_1363_A1_09.jpg;0
806;images/SK_MRS_1363_A1_03.jpg;images/SK_MRS_1363_A1_10.jpg;0
807;images/SK_MRS_1363_A1_03.jpg;images/SK_MRS_1363_B1_01.jpg;0
808;images/SK_MRS_1363_A1_03.jpg;images/SK_MRS_1363_B1_02.jpg;0
809;images/SK_MRS_1363_A1_03.jpg;images/SK_MRS_1363_B1_03.jpg;0
810;images/SK_MRS_1363_A1_03.jpg;images/SK_MRS_1363_B1_04.jpg;0
811;images/SK_MRS_1363_A1_03.jpg;images/SK_MRS_1363_B1_05.jpg;0
812;images/SK_MRS_1363_A1_03.jpg;images/SK_MRS_1363_B1_06.jpg;0
813;images/SK_MRS_1363_A1_03.jpg;images/SK_MRS_1363_B1_07.jpg;0
814;images/SK_MRS_1363_A1_03.jpg;images/SK_MRS_1363_B1_08.jpg;0
815;images/SK_MRS_1363_A1_03.jpg;images/SK_MRS_1363_B1_09.jpg;0
816;images/SK_MRS_1363_A1_03.jpg;images/SK_MRS_1363_B1_10.jpg;0
817;images/SK_MRS_1363_A1_04.jpg;images/SK_MRS_1363_A1_05.jpg;0
818;images/SK_MRS_1363_A1_04.jpg;images/SK_MRS_1363_A1_06.jpg;0
819;images/SK_MRS_1363_A1_04.jpg;images/SK_MRS_1363_A1_07.jpg;0
820;images/SK_MRS_1363_A1_04.jpg;images/SK_MRS_1363_A1_08.jpg;0
821;images/SK_MRS_1363_A1_04.jpg;images/SK_MRS_1363_A1_09.jpg;0
822;images/SK_MRS_1363_A1_04.jpg;images/SK_MRS_1363_A1_10.jpg;0
823;images/SK_MRS_1363_A1_04.jpg;images/SK_MRS_1363_B1_01.jpg;0
824;images/SK_MRS_1363_A1_04.jpg;images/SK_MRS_1363_B1_02.jpg;0
825;images/SK_MRS_1363_A1_04.jpg;images/SK_MRS_1363_B1_03.jpg;0
826;images/SK_MRS_1363_A1_04.jpg;images/SK_MRS_1363_B1_04.jpg;0
827;images/SK_MRS_1363_A1_04.jpg;images/SK_MRS_1363_B1_05.jpg;0
828;images/SK_MRS_1363_A1_04.jpg;images/SK_MRS_1363_B1_06.jpg;0
829;images/SK_MRS_1363_A1_04.jpg;images/SK_MRS_1363_B1_07.jpg;0
830;images/SK_MRS_1363_A1_04.jpg;images/SK_MRS_1363_B1_08.jpg;0
831;images/SK_MRS_1363_A1_04.jpg;images/SK_MRS_1363_B1_09.jpg;0
832;images/SK_MRS_1363_A1_04.jpg;images/SK_MRS_1363_B1_10.jpg;0
833;images/SK_MRS_1363_A1_05.jpg;images/SK_MRS_1363_A1_06.jpg;0
834;images/SK_MRS_1363_A1_05.jpg;images/SK_MRS_1363_A1_07.jpg;0
835;images/SK_MRS_1363_A1_05.jpg;images/SK_MRS_1363_A1_08.jpg;0
836;images/SK_MRS_1363_A1_05.jpg;images/SK_MRS_1363_A1_09.jpg;0
837;images/SK_MRS_1363_A1_05.jpg;images/SK_MRS_1363_A1_10.jpg;0
838;images/SK_MRS_1363_A1_05.jpg;images/SK_MRS_1363_B1_01.jpg;0
839;images/SK_MRS_1363_A1_05.jpg;images/SK_MRS_1363_B1_02.jpg;0
840;images/SK_MRS_1363_A1_05.jpg;images/SK_MRS_1363_B1_03.jpg;0
841;images/SK_MRS_1363_A1_05.jpg;images/SK_MRS_1363_B1_04.jpg;0
842;images/SK_MRS_1363_A1_05.jpg;images/SK_MRS_1363_B1_05.jpg;0
843;images/SK_MRS_1363_A1_05.jpg;images/SK_MRS_1363_B1_06.jpg;0
844;images/SK_MRS_1363_A1_05.jpg;images/SK_MRS_1363_B1_07.jpg;0
845;images/SK_MRS_1363_A1_05.jpg;images/SK_MRS_1363_B1_08.jpg;0
846;images/SK_MRS_1363_A1_05.jpg;images/SK_MRS_1363_B1_09.jpg;0
847;images/SK_MRS_1363_A1_05.jpg;images/SK_MRS_1363_B1_10.jpg;0
848;images/SK_MRS_1363_A1_06.jpg;images/SK_MRS_1363_A1_07.jpg;0
849;images/SK_MRS_1363_A1_06.jpg;images/SK_MRS_1363_A1_08.jpg;0
850;images/SK_MRS_1363_A1_06.jpg;images/SK_MRS_1363_A1_09.jpg;0
851;images/SK_MRS_1363_A1_06.jpg;images/SK_MRS_1363_A1_10.jpg;0
852;images/SK_MRS_1363_A1_06.jpg;images/SK_MRS_1363_B1_01.jpg;0
853;images/SK_MRS_1363_A1_06.jpg;images/SK_MRS_1363_B1_02.jpg;0
854;images/SK_MRS_1363_A1_06.jpg;images/SK_MRS_1363_B1_03.jpg;0
855;images/SK_MRS_1363_A1_06.jpg;images/SK_MRS_1363_B1_04.jpg;0
856;images/SK_MRS_1363_A1_06.jpg;images/SK_MRS_1363_B1_05.jpg;0
857;images/SK_MRS_1363_A1_06.jpg;images/SK_MRS_1363_B1_06.jpg;0
858;images/SK_MRS_1363_A1_06.jpg;images/SK_MRS_1363_B1_07.jpg;0
859;images/SK_MRS_1363_A1_06.jpg;images/SK_MRS_1363_B1_08.jpg;0
860;images/SK_MRS_1363_A1_06.jpg;images/SK_MRS_1363_B1_09.jpg;0
861;images/SK_MRS_1363_A1_06.jpg;images/SK_MRS_1363_B1_10.jpg;0
862;images/SK_MRS_1363_A1_07.jpg;images/SK_MRS_1363_A1_08.jpg;0
863;images/SK_MRS_1363_A1_07.jpg;images/SK_MRS_1363_A1_09.jpg;0
864;images/SK_MRS_1363_A1_07.jpg;images/SK_MRS_1363_A1_10.jpg;0
865;images/SK_MRS_1363_A1_07.jpg;images/SK_MRS_1363_B1_01.jpg;0
866;images/SK_MRS_1363_A1_07.jpg;images/SK_MRS_1363_B1_02.jpg;0
867;images/SK_MRS_1363_A1_07.jpg;images/SK_MRS_1363_B1_03.jpg;0
868;images/SK_MRS_1363_A1_07.jpg;images/SK_MRS_1363_B1_04.jpg;0
869;images/SK_MRS_1363_A1_07.jpg;images/SK_MRS_1363_B1_05.jpg;0
870;images/SK_MRS_1363_A1_07.jpg;images/SK_MRS_1363_B1_06.jpg;0
871;images/SK_MRS_1363_A1_07.jpg;images/SK_MRS_1363_B1_07.jpg;0
872;images/SK_MRS_1363_A1_07.jpg;images/SK_MRS_1363_B1_08.jpg;0
873;images/SK_MRS_1363_A1_07.jpg;images/SK_MRS_1363_B1_09.jpg;0
874;images/SK_MRS_1363_A1_07.jpg;images/SK_MRS_1363_B1_10.jpg;0
875;images/SK_MRS_1363_A1_08.jpg;images/SK_MRS_1363_A1_09.jpg;0
876;images/SK_MRS_1363_A1_08.jpg;images/SK_MRS_1363_A1_10.jpg;0
877;images/SK_MRS_1363_A1_08.jpg;images/SK_MRS_1363_B1_01.jpg;0
878;images/SK_MRS_1363_A1_08.jpg;images/SK_MRS_1363_B1_02.jpg;0
879;images/SK_MRS_1363_A1_08.jpg;images/SK_MRS_1363_B1_03.jpg;0
880;images/SK_MRS_1363_A1_08.jpg;images/SK_MRS_1363_B1_04.jpg;0
881;images/SK_MRS_1363_A1_08.jpg;images/SK_MRS_1363_B1_05.jpg;0
882;images/SK_MRS_1363_A1_08.jpg;images/SK_MRS_1363_B1_06.jpg;0
883;images/SK_MRS_1363_A1_08.jpg;images/SK_MRS_1363_B1_07.jpg;0
884;images/SK_MRS_1363_A1_08.jpg;images/SK_MRS_1363_B1_08.jpg;0
885;images/SK_MRS_1363_A1_08.jpg;images/SK_MRS_1363_B1_09.jpg;0
886;images/SK_MRS_1363_A1_08.jpg;images/SK_MRS_1363_B1_10.jpg;0
887;images/SK_MRS_1363_A1_09.jpg;images/SK_MRS_1363_A1_10.jpg;0
888;images/SK_MRS_1363_A1_09.jpg;images/SK_MRS_1363_B1_01.jpg;0
889;images/SK_MRS_1363_A1_09.jpg;images/SK_MRS_1363_B1_02.jpg;0
890;images/SK_MRS_1363_A1_09.jpg;images/SK_MRS_1363_B1_03.jpg;0
891;images/SK_MRS_1363_A1_09.jpg;images/SK_MRS_1363_B1_04.jpg;0
892;images/SK_MRS_1363_A1_09.jpg;images/SK_MRS_1363_B1_05.jpg;0
893;images/SK_MRS_1363_A1_09.jpg;images/SK_MRS_1363_B1_06.jpg;0
894;images/SK_MRS_1363_A1_09.jpg;images/SK_MRS_1363_B1_07.jpg;0
895;images/SK_MRS_1363_A1_09.jpg;images/SK_MRS_1363_B1_08.jpg;0
896;images/SK_MRS_1363_A1_09.jpg;images/SK_MRS_1363_B1_09.jpg;0
897;images/SK_MRS_1363_A1_09.jpg;images/SK_MRS_1363_B1_10.jpg;0
898;images/SK_MRS_1363_A1_10.jpg;images/SK_MRS_1363_B1_01.jpg;0
899;images/SK_MRS_1363_A1_10.jpg;images/SK_MRS_1363_B1_02.jpg;0
900;images/SK_MRS_1363_A1_10.jpg;images/SK_MRS_1363_B1_03.jpg;0
901;images/SK_MRS_1363_A1_10.jpg;images/SK_MRS_1363_B1_04.jpg;0
902;images/SK_MRS_1363_A1_10.jpg;images/SK_MRS_1363_B1_05.jpg;0
903;images/SK_MRS_1363_A1_10.jpg;images/SK_MRS_1363_B1_06.jpg;0
904;images/SK_MRS_1363_A1_10.jpg;images/SK_MRS_1363_B1_07.jpg;0
905;images/SK_MRS_1363_A1_10.jpg;images/SK_MRS_1363_B1_08.jpg;0
906;images/SK_MRS_1363_A1_10.jpg;images/SK_MRS_1363_B1_09.jpg;0
907;images/SK_MRS_1363_A1_10.jpg;images/SK_MRS_1363_B1_10.jpg;0
908;images/SK_MRS_1363_B1_01.jpg;images/SK_MRS_1363_B1_02.jpg;0
909;images/SK_MRS_1363_B1_01.jpg;images/SK_MRS_1363_B1_03.jpg;0
910;images/SK_MRS_1363_B1_01.jpg;images/SK_MRS_1363_B1_04.jpg;0
911;images/SK_MRS_1363_B1_01.jpg;images/SK_MRS_1363_B1_05.jpg;0
912;images/SK_MRS_1363_B1_01.jpg;images/SK_MRS_1363_B1_06.jpg;0
913;images/SK_MRS_1363_B1_01.jpg;images/SK_MRS_1363_B1_07.jpg;0
914;images/SK_MRS_1363_B1_01.jpg;images/SK_MRS_1363_B1_08.jpg;0
915;images/SK_MRS_1363_B1_01.jpg;images/SK_MRS_1363_B1_09.jpg;0
916;images/SK_MRS_1363_B1_01.jpg;images/SK_MRS_1363_B1_10.jpg;0
917;images/SK_MRS_1363_B1_02.jpg;images/SK_MRS_1363_B1_03.jpg;0
918;images/SK_MRS_1363_B1_02.jpg;images/SK_MRS_1363_B1_04.jpg;0
919;images/SK_MRS_1358_E32_r.jpg;images/SK_MRS_1358_B4_r (3rd copy).jpg;1
920;images/SK_MRS_1358_E32_r.jpg;images/SK_MRS_1358_B4_r (4th copy).jpg;1
921;images/SK_MRS_1358_E34_r.jpg;images/SK_MRS_1358_B4_r (3rd copy).jpg;1
922;images/SK_MRS_1358_E34_r.jpg;images/SK_MRS_1358_B4_r (4th copy).jpg;1
923;images/SK_MRS_1358_E36_r.jpg;images/SK_MRS_1358_B4_r (3rd copy).jpg;1
924;images/SK_MRS_1358_E36_r.jpg;images/SK_MRS_1358_B4_r (4th copy).jpg;1
925;images/SK_MRS_1358_E17_r.jpg;images/SK_MRS_1358_B4_r (3rd copy).jpg;1
926;images/SK_MRS_1358_E17_r.jpg;images/SK_MRS_1358_B4_r (4th copy).jpg;1
927;images/SK_MRS_1358_E12_r.jpg;images/SK_MRS_1358_E32_r.jpg;1
928;images/SK_MRS_1358_E12_r.jpg;images/SK_MRS_1358_E34_r.jpg;1
929;images/SK_MRS_1358_E12_r.jpg;images/SK_MRS_1358_E36_r.jpg;1
930;images/SK_MRS_1358_E17_r.jpg;images/SK_MRS_1358_E32_r.jpg;1
931;images/SK_MRS_1358_E17_r.jpg;images/SK_MRS_1358_E34_r.jpg;1
932;images/SK_MRS_1358_E17_r.jpg;images/SK_MRS_1358_E36_r.jpg;1
933;images/SK_MRS_1358_E9_r.jpg;images/SK_MRS_1358_B1_r.jpg;1
934;images/SK_MRS_1358_E10_r.jpg;images/SK_MRS_1358_B1_r.jpg;1
935;images/SK_MRS_1358_E18_r.jpg;images/SK_MRS_1358_E3_r (copy).jpg;1
936;images/SK_MRS_1358_E21_r.jpg;images/SK_MRS_1358_E4_r (copy).jpg;1
937;images/SK_MRS_1358_E21_r.jpg;images/SK_MRS_1358_E7_r (copy).jpg;1
938;images/SK_MRS_1358_E21_r.jpg;images/SK_MRS_1358_E8_r.jpg;1
939;images/SK_MRS_1346_23_r.jpg;images/SK_MRS_1299_D20_r.jpg;1
940;images/SK_MRS_1346_19_r.jpg;images/SK_MRS_1299_D15_r.jpg;1
941;images/SK_MRS_1346_20_r.jpg;images/SK_MRS_1299_D18_r.jpg;1
942;images/SK_MRS_1346_21_r.jpg;images/SK_MRS_1299_D16_r.jpg;1
943;images/SK_MRS_1346_22_r.jpg;images/SK_MRS_1299_D17_r.jpg;1
944;images/SK_MRS_1346_25_r.jpg;images/SK_MRS_1299_D22_r.jpg;1
945;images/SK_MRS_1346_32_r.jpg;images/SK_MRS_1299_D14_r.jpg;1
946;images/SK_MRS_1346_33_r.jpg;images/SK_MRS_1299_D23_r.jpg;1
947;images/SK_MRS_1346_23_r.jpg;images/SK_MRS_1299_D28_r.jpg;1
948;images/SK_MRS_1346_33_r.jpg;images/SK_MRS_1299_D33_r.jpg;1
949;images/SK_MRS_1346_32_r.jpg;images/SK_MRS_1299_D31_r.jpg;1
950;images/SK_MRS_1346_19_r.jpg;images/SK_MRS_1299_D37_r.jpg;1
951;images/SK_MRS_1346_28_r.jpg;images/SK_MRS_1299_D36_r.jpg;1
952;images/SK_MRS_1346_34_r.jpg;images/SK_MRS_1299_D13_r.jpg;1
953;images/SK_MRS_1346_31_r.jpg;images/SK_MRS_1299_D12_r.jpg;1
954;images/SK_MRS_1346_27_r.jpg;images/SK_MRS_1299_C8_r.jpg;1
955;images/SK_MRS_1346_28_r.jpg;images/SK_MRS_1299_C7_r.jpg;1
956;images/SK_MRS_1346_30_r.jpg;images/SK_MRS_1299_C6_r.jpg;1
957;images/SK_MRS_1346_26_r.jpg;images/SK_MRS_1299_C2_r.jpg;1
958;images/SK_MRS_1348_21_r.jpg;images/SK_MRS_1299_B4_r.jpg;1
959;images/SK_MRS_1348_20_r.jpg;images/SK_MRS_1299_B2_r.jpg;1
960;images/SK_MRS_1348_22_r.jpg;images/SK_MRS_1299_B5_r.jpg;1
961;images/SK_MRS_1348_24_r.jpg;images/SK_MRS_1299_C3_r.jpg;1
962;images/SK_MRS_1348_25_r.jpg;images/SK_MRS_1299_C4_r.jpg;1
963;images/SK_MRS_1266_A2_r.jpg;images/SK_MRS_1266_A6_r.jpg;1
964;images/SK_MRS_1266_A2_r.jpg;images/SK_MRS_1266_A7_r.jpg;1
965;images/SK_MRS_1266_A2_r.jpg;images/SK_MRS_1266_A8_r.jpg;1
966;images/SK_MRS_1266_A2_r.jpg;images/SK_MRS_1266_A9_r.jpg;1
967;images/SK_MRS_1266_A2_r.jpg;images/SK_MRS_1266_A10_r.jpg;1
968;images/SK_MRS_1266_A6_r.jpg;images/SK_MRS_1266_A7_r.jpg;1
969;images/SK_MRS_1266_A6_r.jpg;images/SK_MRS_1266_A8_r.jpg;1
970;images/SK_MRS_1266_A6_r.jpg;images/SK_MRS_1266_A9_r.jpg;1
971;images/SK_MRS_1266_A6_r.jpg;images/SK_MRS_1266_A10_r.jpg;1
972;images/SK_MRS_1266_A7_r.jpg;images/SK_MRS_1266_A8_r.jpg;1
973;images/SK_MRS_1266_A7_r.jpg;images/SK_MRS_1266_A9_r.jpg;1
974;images/SK_MRS_1266_A7_r.jpg;images/SK_MRS_1266_A10_r.jpg;1
975;images/SK_MRS_1266_A8_r.jpg;images/SK_MRS_1266_A9_r.jpg;1
976;images/SK_MRS_1266_A8_r.jpg;images/SK_MRS_1266_A10_r.jpg;1
977;images/SK_MRS_1266_A9_r.jpg;images/SK_MRS_1266_A10_r.jpg;1
978;images/SK_MRS_1266_A33_r.jpg;images/SK_MRS_1266_A36_r.jpg;1
979;images/SK_MRS_1266_A33_r.jpg;images/SK_MRS_1266_A38_r.jpg;1
980;images/SK_MRS_1266_A36_r.jpg;images/SK_MRS_1266_A38_r.jpg;1
981;images/SK_MRS_1266_A35_r.jpg;images/SK_MRS_1266_A36_r.jpg;1
982;images/SK_MRS_1266_A35_r.jpg;images/SK_MRS_1266_A38_r.jpg;1
983;images/SK_MRS_1266_A34_r.jpg;images/SK_MRS_1266_A37_r.jpg;1
984;images/SK_MRS_1266_A34_r.jpg;images/SK_MRS_1266_A39_r.jpg;1
985;images/SK_MRS_1266_A37_r.jpg;images/SK_MRS_1266_A39_r.jpg;1
986;images/SK_MRS_1266_B9_r.jpg;images/SK_MRS_1266_A33_r.jpg;1
987;images/SK_MRS_1266_B9_r.jpg;images/SK_MRS_1266_A35_r.jpg;1
988;images/SK_MRS_1266_B9_r.jpg;images/SK_MRS_1266_A36_r.jpg;1
989;images/SK_MRS_1266_B4_r.jpg;images/SK_MRS_1266_B13_r.jpg;1
990;images/SK_MRS_1266_B4_r.jpg;images/SK_MRS_1266_B14_r.jpg;1
991;images/SK_MRS_1266_B2_r.jpg;images/SK_MRS_1266_B13_r.jpg;1
992;images/SK_MRS_1266_B2_r.jpg;images/SK_MRS_1266_B14_r.jpg;1
993;images/SK_MRS_1266_A19_r.jpg;images/SK_MRS_1266_A28_r.jpg;1
994;images/SK_MRS_1266_A19_r.jpg;images/SK_MRS_1266_A30_r.jpg;1
995;images/SK_MRS_1266_A19_r.jpg;images/SK_MRS_1266_A31_r.jpg;1
996;images/SK_MRS_1266_A19_r.jpg;images/SK_MRS_1266_B8_r.jpg;1
997;images/SK_MRS_1266_A19_r.jpg;images/SK_MRS_1266_B10_r.jpg;1
998;images/SK_MRS_1266_A28_r.jpg;images/SK_MRS_1266_A30_r.jpg;1
999;images/SK_MRS_1266_A30_r.jpg;images/SK_MRS_1266_B8_r.jpg;1
